TypeID,GroupID,InstanceID,classification,occurrences,n_files,scaled_files,unscaled_files,twox_available,action,clone_GroupID,clone_InstanceID
0x856DDBAC,0x00000001,0x14416315,UNSCALED,1,1,,T-00000000_G-96a006b0_I-cba9ef16.ui,yes,untouched,,
0x856DDBAC,0x1ABE787D,0x0C0E0F3C,UNSCALED,1,1,,T-00000000_G-96a006b0_I-ebd0d36c.ui,yes,untouched,,
0x856DDBAC,0x1ABE787D,0x13D14CA3,EXCLUSIVE,2,2,T-00000000_G-08000600_I-c973b411.ui;T-00000000_G-96a006b0_I-c973b411.ui,,yes,2x-in-place,,
0x856DDBAC,0x1ABE787D,0x144161E4,UNSCALED,10,10,,T-00000000_G-96a006b0_I-0a7df315.ui;T-00000000_G-96a006b0_I-4a8cc5ea.ui;T-00000000_G-96a006b0_I-6b704690.ui;T-00000000_G-96a006b0_I-8a5ab1cb.ui;T-00000000_G-96a006b0_I-8a5ab1cc.ui;T-00000000_G-96a006b0_I-8a5ab1cd.ui;T-00000000_G-96a006b0_I-8a7e052f.ui;T-00000000_G-96a006b0_I-ca8cbf0f.ui;T-00000000_G-96a006b0_I-ea89b6c3.ui;T-00000000_G-96a006b0_I-ea8cc3c6.ui,yes,untouched,,
0x856DDBAC,0x1ABE787D,0x144161EE,UNSCALED,16,13,,T-00000000_G-96a006b0_I-0a4d0c43.ui;T-00000000_G-96a006b0_I-0a7df315.ui;T-00000000_G-96a006b0_I-4a8cc5ea.ui;T-00000000_G-96a006b0_I-6b704690.ui;T-00000000_G-96a006b0_I-8a5ab1cb.ui;T-00000000_G-96a006b0_I-8a5ab1cc.ui;T-00000000_G-96a006b0_I-8a5ab1cd.ui;T-00000000_G-96a006b0_I-8a5ab1cf.ui;T-00000000_G-96a006b0_I-8a7e052f.ui;T-00000000_G-96a006b0_I-ca4d0b22.ui;T-00000000_G-96a006b0_I-ca8cbf0f.ui;T-00000000_G-96a006b0_I-ea89b6c3.ui;T-00000000_G-96a006b0_I-ea8cc3c6.ui,yes,untouched,,
0x856DDBAC,0x1ABE787D,0x14416220,UNSCALED,2,1,,T-00000000_G-96a006b0_I-aa561f93.ui,yes,untouched,,
0x856DDBAC,0x1ABE787D,0x14416224,UNSCALED,2,1,,T-00000000_G-96a006b0_I-0a562a05.ui,yes,untouched,,
0x856DDBAC,0x1ABE787D,0x14416240,SHARED,16,9,T-00000000_G-08000600_I-aa1f1f57.ui;T-00000000_G-96a006b0_I-aa1f1f57.ui,T-00000000_G-96a006b0_I-0a243d80.ui;T-00000000_G-96a006b0_I-0a7df315.ui;T-00000000_G-96a006b0_I-4a89b3f2.ui;T-00000000_G-96a006b0_I-8a5ab1ce.ui;T-00000000_G-96a006b0_I-8a5ab1cf.ui;T-00000000_G-96a006b0_I-8a5ab1d0.ui;T-00000000_G-96a006b0_I-8a7e052f.ui,yes,clone+retarget,0x1ABE787D,0x47026241
0x856DDBAC,0x1ABE787D,0x14416242,EXCLUSIVE,2,2,T-00000000_G-08000600_I-c973b411.ui;T-00000000_G-96a006b0_I-c973b411.ui,,yes,2x-in-place,,
0x856DDBAC,0x1ABE787D,0x14416245,UNSCALED,5,1,,T-00000000_G-96a006b0_I-0a7df315.ui,yes,untouched,,
0x856DDBAC,0x1ABE787D,0x14416246,UNSCALED,31,3,,T-00000000_G-96a006b0_I-2a41436b.ui;T-00000000_G-96a006b0_I-8a5ab1cb.ui;T-00000000_G-96a006b0_I-8a7e052f.ui,yes,untouched,,
0x856DDBAC,0x1ABE787D,0x14416270,UNSCALED,3,1,,T-00000000_G-96a006b0_I-4a8cc5ea.ui,yes,untouched,,
0x856DDBAC,0x1ABE787D,0x14416271,UNSCALED,1,1,,T-00000000_G-96a006b0_I-4a8cc5ea.ui,yes,untouched,,
0x856DDBAC,0x1ABE787D,0x14416272,UNSCALED,1,1,,T-00000000_G-96a006b0_I-4a8cc5ea.ui,yes,untouched,,
0x856DDBAC,0x1ABE787D,0x14416273,UNSCALED,1,1,,T-00000000_G-96a006b0_I-4a8cc5ea.ui,yes,untouched,,
0x856DDBAC,0x1ABE787D,0x6BF47DBD,UNSCALED,2,1,,T-00000000_G-96a006b0_I-0bfac164.ui,yes,untouched,,
0x856DDBAC,0x1ABE787D,0x6BF47DBE,UNSCALED,2,1,,T-00000000_G-96a006b0_I-abfac197.ui,yes,untouched,,
0x856DDBAC,0x1ABE787D,0x6C29491F,EXCLUSIVE,4,2,T-00000000_G-08000600_I-aa1f1f57.ui;T-00000000_G-96a006b0_I-aa1f1f57.ui,,yes,2x-in-place,,
0x856DDBAC,0x1ABE787D,0x8C0E0F2D,UNSCALED,1,1,,T-00000000_G-96a006b0_I-ebd0d36c.ui,yes,untouched,,
0x856DDBAC,0x1ABE787D,0xEA32F100,UNSCALED,6,3,,T-00000000_G-96a006b0_I-0bfac164.ui;T-00000000_G-96a006b0_I-6a9455c9.ui;T-00000000_G-96a006b0_I-abfac197.ui,yes,untouched,,
0x856DDBAC,0x22DEC92D,0x00002001,UNSCALED,1,1,,T-00000000_G-96a006b0_I-e9a56248.ui,yes,untouched,,
0x856DDBAC,0x22DEC92D,0x00002002,UNSCALED,1,1,,T-00000000_G-96a006b0_I-e9a56248.ui,yes,untouched,,
0x856DDBAC,0x22DEC92D,0x00002003,UNSCALED,1,1,,T-00000000_G-96a006b0_I-e9a56248.ui,yes,untouched,,
0x856DDBAC,0x22DEC92D,0x00002004,UNSCALED,2,1,,T-00000000_G-96a006b0_I-e9a56248.ui,yes,untouched,,
0x856DDBAC,0x22DEC92D,0x00002005,UNSCALED,1,1,,T-00000000_G-96a006b0_I-e9a56248.ui,yes,untouched,,
0x856DDBAC,0x22DEC92D,0x00002006,UNSCALED,1,1,,T-00000000_G-96a006b0_I-e9a56248.ui,yes,untouched,,
0x856DDBAC,0x22DEC92D,0x00002007,UNSCALED,1,1,,T-00000000_G-96a006b0_I-e9a56248.ui,yes,untouched,,
0x856DDBAC,0x22DEC92D,0x00002008,UNSCALED,1,1,,T-00000000_G-96a006b0_I-e9a56248.ui,yes,untouched,,
0x856DDBAC,0x22DEC92D,0x0000200A,UNSCALED,1,1,,T-00000000_G-96a006b0_I-e9a56248.ui,yes,untouched,,
0x856DDBAC,0x22DEC92D,0x00003002,UNSCALED,1,1,,T-00000000_G-96a006b0_I-e9a56248.ui,yes,untouched,,
0x856DDBAC,0x22DEC92D,0x00003003,UNSCALED,1,1,,T-00000000_G-96a006b0_I-e9a56248.ui,yes,untouched,,
0x856DDBAC,0x22DEC92D,0x00003004,UNSCALED,1,1,,T-00000000_G-96a006b0_I-e9a56248.ui,yes,untouched,,
0x856DDBAC,0x46A006B0,0x0B8C660F,EXCLUSIVE,1,1,T-00000000_G-96a006b0_I-abb0120f.ui,,yes,2x-in-place,,
0x856DDBAC,0x46A006B0,0x0BBA7A64,EXCLUSIVE,2,1,T-00000000_G-96a006b0_I-aa1f1f57.ui,,yes,2x-in-place,,
0x856DDBAC,0x46A006B0,0x0BC6638A,EXCLUSIVE,2,2,T-00000000_G-08000600_I-2bc90671.ui;T-00000000_G-96a006b0_I-2bc90671.ui,,yes,2x-in-place,,
0x856DDBAC,0x46A006B0,0x0C0D45F9,EXCLUSIVE,1,1,T-00000000_G-96a006b0_I-6bb27447.ui,,yes,2x-in-place,,
0x856DDBAC,0x46A006B0,0x0C3A2E71,EXCLUSIVE,1,1,T-00000000_G-96a006b0_I-8c0eaa1b.ui,,yes,2x-in-place,,
0x856DDBAC,0x46A006B0,0x13D14C10,EXCLUSIVE,2,2,T-00000000_G-08000600_I-c973b411.ui;T-00000000_G-96a006b0_I-c973b411.ui,,yes,2x-in-place,,
0x856DDBAC,0x46A006B0,0x13D14C20,EXCLUSIVE,2,2,T-00000000_G-08000600_I-c973b411.ui;T-00000000_G-96a006b0_I-c973b411.ui,,yes,2x-in-place,,
0x856DDBAC,0x46A006B0,0x13D14C30,EXCLUSIVE,2,2,T-00000000_G-08000600_I-c973b411.ui;T-00000000_G-96a006b0_I-c973b411.ui,,yes,2x-in-place,,
0x856DDBAC,0x46A006B0,0x13D14C40,EXCLUSIVE,2,2,T-00000000_G-08000600_I-c973b411.ui;T-00000000_G-96a006b0_I-c973b411.ui,,yes,2x-in-place,,
0x856DDBAC,0x46A006B0,0x13D14C50,EXCLUSIVE,2,2,T-00000000_G-08000600_I-c973b411.ui;T-00000000_G-96a006b0_I-c973b411.ui,,yes,2x-in-place,,
0x856DDBAC,0x46A006B0,0x13D14C60,EXCLUSIVE,2,2,T-00000000_G-08000600_I-c973b411.ui;T-00000000_G-96a006b0_I-c973b411.ui,,yes,2x-in-place,,
0x856DDBAC,0x46A006B0,0x13D14C70,EXCLUSIVE,2,2,T-00000000_G-08000600_I-c973b411.ui;T-00000000_G-96a006b0_I-c973b411.ui,,yes,2x-in-place,,
0x856DDBAC,0x46A006B0,0x13D14C80,EXCLUSIVE,2,2,T-00000000_G-08000600_I-c973b411.ui;T-00000000_G-96a006b0_I-c973b411.ui,,yes,2x-in-place,,
0x856DDBAC,0x46A006B0,0x13D14C90,EXCLUSIVE,2,2,T-00000000_G-08000600_I-c973b411.ui;T-00000000_G-96a006b0_I-c973b411.ui,,yes,2x-in-place,,
0x856DDBAC,0x46A006B0,0x13D14CA0,EXCLUSIVE,13,5,T-00000000_G-08000600_I-c973b411.ui;T-00000000_G-96a006b0_I-aa920991.ui;T-00000000_G-96a006b0_I-abb0120f.ui;T-00000000_G-96a006b0_I-abc0ed33.ui;T-00000000_G-96a006b0_I-c973b411.ui,,yes,2x-in-place,,
0x856DDBAC,0x46A006B0,0x13E14F70,EXCLUSIVE,1,1,T-00000000_G-96a006b0_I-49889894.ui,,yes,2x-in-place,,
0x856DDBAC,0x46A006B0,0x13E14F80,EXCLUSIVE,1,1,T-00000000_G-96a006b0_I-49889894.ui,,yes,2x-in-place,,
0x856DDBAC,0x46A006B0,0x13E14F91,EXCLUSIVE,1,1,T-00000000_G-96a006b0_I-49889894.ui,,yes,2x-in-place,,
0x856DDBAC,0x46A006B0,0x13E14FA0,EXCLUSIVE,2,2,T-00000000_G-96a006b0_I-49889894.ui;T-00000000_G-96a006b0_I-aa920991.ui,,yes,2x-in-place,,
0x856DDBAC,0x46A006B0,0x13E14FB0,EXCLUSIVE,1,1,T-00000000_G-96a006b0_I-49889894.ui,,yes,2x-in-place,,
0x856DDBAC,0x46A006B0,0x13E14FB1,EXCLUSIVE,1,1,T-00000000_G-96a006b0_I-49889894.ui,,yes,2x-in-place,,
0x856DDBAC,0x46A006B0,0x13E14FB2,EXCLUSIVE,1,1,T-00000000_G-96a006b0_I-49889894.ui,,yes,2x-in-place,,
0x856DDBAC,0x46A006B0,0x13E14FB3,EXCLUSIVE,2,2,T-00000000_G-08000600_I-c973b411.ui;T-00000000_G-96a006b0_I-c973b411.ui,,yes,2x-in-place,,
0x856DDBAC,0x46A006B0,0x13E14FB5,EXCLUSIVE,1,1,T-00000000_G-96a006b0_I-49889894.ui,,yes,2x-in-place,,
0x856DDBAC,0x46A006B0,0x13E14FB6,EXCLUSIVE,1,1,T-00000000_G-96a006b0_I-49889894.ui,,yes,2x-in-place,,
0x856DDBAC,0x46A006B0,0x13E14FB7,UNSCALED,3,1,,T-00000000_G-96a006b0_I-ca551016.ui,yes,untouched,,
0x856DDBAC,0x46A006B0,0x13F15211,EXCLUSIVE,8,4,T-00000000_G-08000600_I-aa1f1f57.ui;T-00000000_G-96a006b0_I-4a160034.ui;T-00000000_G-96a006b0_I-aa1f1f57.ui;T-00000000_G-96a006b0_I-cbc905cd.ui,,yes,2x-in-place,,
0x856DDBAC,0x46A006B0,0x13F15213,UNSCALED,1,1,,T-00000000_G-96a006b0_I-6a9455c9.ui,yes,untouched,,
0x856DDBAC,0x46A006B0,0x13F15214,UNSCALED,7,3,,T-00000000_G-96a006b0_I-0bfac164.ui;T-00000000_G-96a006b0_I-6a9455c9.ui;T-00000000_G-96a006b0_I-abfac197.ui,yes,untouched,,
0x856DDBAC,0x46A006B0,0x13F15230,EXCLUSIVE,2,2,T-00000000_G-08000600_I-c973b411.ui;T-00000000_G-96a006b0_I-c973b411.ui,,yes,2x-in-place,,
0x856DDBAC,0x46A006B0,0x13F15240,EXCLUSIVE,1,1,T-00000000_G-96a006b0_I-aa1f1f57.ui,,yes,2x-in-place,,
0x856DDBAC,0x46A006B0,0x13F15241,EXCLUSIVE,1,1,T-00000000_G-96a006b0_I-aa1f1f57.ui,,yes,2x-in-place,,
0x856DDBAC,0x46A006B0,0x13F15245,EXCLUSIVE,2,2,T-00000000_G-08000600_I-aa1f1f57.ui;T-00000000_G-96a006b0_I-aa1f1f57.ui,,yes,2x-in-place,,
0x856DDBAC,0x46A006B0,0x13F15246,EXCLUSIVE,8,1,T-00000000_G-96a006b0_I-aa1f1f57.ui,,yes,2x-in-place,,
0x856DDBAC,0x46A006B0,0x13F15249,EXCLUSIVE,4,2,T-00000000_G-08000600_I-aa1f1f57.ui;T-00000000_G-96a006b0_I-aa1f1f57.ui,,yes,2x-in-place,,
0x856DDBAC,0x46A006B0,0x13F1524A,EXCLUSIVE,2,2,T-00000000_G-08000600_I-aa1f1f57.ui;T-00000000_G-96a006b0_I-aa1f1f57.ui,,yes,2x-in-place,,
0x856DDBAC,0x46A006B0,0x13F1524C,EXCLUSIVE,12,2,T-00000000_G-08000600_I-aa1f1f57.ui;T-00000000_G-96a006b0_I-aa1f1f57.ui,,yes,2x-in-place,,
0x856DDBAC,0x46A006B0,0x13F1524D,EXCLUSIVE,10,2,T-00000000_G-08000600_I-aa1f1f57.ui;T-00000000_G-96a006b0_I-aa1f1f57.ui,,yes,2x-in-place,,
0x856DDBAC,0x46A006B0,0x13F15250,UNSCALED,3,1,,T-00000000_G-96a006b0_I-0a243d80.ui,yes,untouched,,
0x856DDBAC,0x46A006B0,0x13F15251,UNSCALED,1,1,,T-00000000_G-96a006b0_I-0a243d80.ui,yes,untouched,,
0x856DDBAC,0x46A006B0,0x13F15253,UNSCALED,1,1,,T-00000000_G-96a006b0_I-0a243d80.ui,yes,untouched,,
0x856DDBAC,0x46A006B0,0x13F15254,UNSCALED,1,1,,T-00000000_G-96a006b0_I-0a243d80.ui,yes,untouched,,
0x856DDBAC,0x46A006B0,0x13F15255,UNSCALED,1,1,,T-00000000_G-96a006b0_I-0a243d80.ui,yes,untouched,,
0x856DDBAC,0x46A006B0,0x13F15257,UNSCALED,1,1,,T-00000000_G-96a006b0_I-0a243d80.ui,yes,untouched,,
0x856DDBAC,0x46A006B0,0x13F15258,UNSCALED,3,3,,T-00000000_G-96a006b0_I-0a243d80.ui;T-00000000_G-96a006b0_I-4bf325e8.ui;T-00000000_G-96a006b0_I-abfaef15.ui,yes,untouched,,
0x856DDBAC,0x46A006B0,0x13F15259,UNSCALED,3,3,,T-00000000_G-96a006b0_I-0a243d80.ui;T-00000000_G-96a006b0_I-4bf325e8.ui;T-00000000_G-96a006b0_I-abfaef15.ui,yes,untouched,,
0x856DDBAC,0x46A006B0,0x13F1525E,UNSCALED,22,1,,T-00000000_G-96a006b0_I-0a243d80.ui,yes,untouched,,
0x856DDBAC,0x46A006B0,0x13F1525F,UNSCALED,24,3,,T-00000000_G-96a006b0_I-0a243d80.ui;T-00000000_G-96a006b0_I-4bf325e8.ui;T-00000000_G-96a006b0_I-abfaef15.ui,yes,untouched,,
0x856DDBAC,0x46A006B0,0x13F15260,EXCLUSIVE,4,2,T-00000000_G-08000600_I-aa1f1f57.ui;T-00000000_G-96a006b0_I-aa1f1f57.ui,,yes,2x-in-place,,
0x856DDBAC,0x46A006B0,0x13F15261,EXCLUSIVE,1,1,T-00000000_G-96a006b0_I-aa1f1f57.ui,,yes,2x-in-place,,
0x856DDBAC,0x46A006B0,0x13F15262,EXCLUSIVE,1,1,T-00000000_G-96a006b0_I-aa1f1f57.ui,,yes,2x-in-place,,
0x856DDBAC,0x46A006B0,0x13F15263,EXCLUSIVE,6,2,T-00000000_G-08000600_I-aa1f1f57.ui;T-00000000_G-96a006b0_I-aa1f1f57.ui,,yes,2x-in-place,,
0x856DDBAC,0x46A006B0,0x13F15264,EXCLUSIVE,8,2,T-00000000_G-08000600_I-aa1f1f57.ui;T-00000000_G-96a006b0_I-aa1f1f57.ui,,yes,2x-in-place,,
0x856DDBAC,0x46A006B0,0x13F15265,EXCLUSIVE,6,2,T-00000000_G-08000600_I-aa1f1f57.ui;T-00000000_G-96a006b0_I-aa1f1f57.ui,,yes,2x-in-place,,
0x856DDBAC,0x46A006B0,0x13F15266,EXCLUSIVE,10,2,T-00000000_G-08000600_I-aa1f1f57.ui;T-00000000_G-96a006b0_I-aa1f1f57.ui,,yes,2x-in-place,,
0x856DDBAC,0x46A006B0,0x14015541,EXCLUSIVE,10,6,T-00000000_G-08000600_I-2bc90671.ui;T-00000000_G-08000600_I-898897de.ui;T-00000000_G-96a006b0_I-2bc90671.ui;T-00000000_G-96a006b0_I-4a160034.ui;T-00000000_G-96a006b0_I-898897de.ui;T-00000000_G-96a006b0_I-cbc905cd.ui,,yes,2x-in-place,,
0x856DDBAC,0x46A006B0,0x14015542,EXCLUSIVE,4,4,T-00000000_G-08000600_I-2bc90671.ui;T-00000000_G-08000600_I-898897de.ui;T-00000000_G-96a006b0_I-2bc90671.ui;T-00000000_G-96a006b0_I-898897de.ui,,yes,2x-in-place,,
0x856DDBAC,0x46A006B0,0x14015543,EXCLUSIVE,13,7,T-00000000_G-08000600_I-2bc90671.ui;T-00000000_G-08000600_I-898897de.ui;T-00000000_G-96a006b0_I-0b72f276.ui;T-00000000_G-96a006b0_I-2bc9060f.ui;T-00000000_G-96a006b0_I-2bc90671.ui;T-00000000_G-96a006b0_I-898897de.ui;T-00000000_G-96a006b0_I-ea287193.ui,,yes,2x-in-place,,
0x856DDBAC,0x46A006B0,0x14015544,EXCLUSIVE,4,4,T-00000000_G-08000600_I-2bc90671.ui;T-00000000_G-08000600_I-898897de.ui;T-00000000_G-96a006b0_I-2bc90671.ui;T-00000000_G-96a006b0_I-898897de.ui,,yes,2x-in-place,,
0x856DDBAC,0x46A006B0,0x14015545,EXCLUSIVE,11,3,T-00000000_G-08000600_I-2bc90671.ui;T-00000000_G-96a006b0_I-2bc90671.ui;T-00000000_G-96a006b0_I-898897de.ui,,yes,2x-in-place,,
0x856DDBAC,0x46A006B0,0x14015546,EXCLUSIVE,6,4,T-00000000_G-08000600_I-2bc90671.ui;T-00000000_G-08000600_I-898897de.ui;T-00000000_G-96a006b0_I-2bc90671.ui;T-00000000_G-96a006b0_I-898897de.ui,,yes,2x-in-place,,
0x856DDBAC,0x46A006B0,0x14015547,EXCLUSIVE,2,2,T-00000000_G-08000600_I-c973b411.ui;T-00000000_G-96a006b0_I-c973b411.ui,,yes,2x-in-place,,
0x856DDBAC,0x46A006B0,0x14015548,EXCLUSIVE,4,4,T-00000000_G-08000600_I-2bc90671.ui;T-00000000_G-08000600_I-898897de.ui;T-00000000_G-96a006b0_I-2bc90671.ui;T-00000000_G-96a006b0_I-898897de.ui,,yes,2x-in-place,,
0x856DDBAC,0x46A006B0,0x14015549,EXCLUSIVE,4,4,T-00000000_G-08000600_I-2bc90671.ui;T-00000000_G-08000600_I-898897de.ui;T-00000000_G-96a006b0_I-2bc90671.ui;T-00000000_G-96a006b0_I-898897de.ui,,yes,2x-in-place,,
0x856DDBAC,0x46A006B0,0x1401554A,EXCLUSIVE,4,4,T-00000000_G-08000600_I-2bc90671.ui;T-00000000_G-08000600_I-898897de.ui;T-00000000_G-96a006b0_I-2bc90671.ui;T-00000000_G-96a006b0_I-898897de.ui,,yes,2x-in-place,,
0x856DDBAC,0x46A006B0,0x1401554B,EXCLUSIVE,8,4,T-00000000_G-08000600_I-2bc90671.ui;T-00000000_G-08000600_I-898897de.ui;T-00000000_G-96a006b0_I-2bc90671.ui;T-00000000_G-96a006b0_I-898897de.ui,,yes,2x-in-place,,
0x856DDBAC,0x46A006B0,0x1401554C,EXCLUSIVE,2,2,T-00000000_G-96a006b0_I-2bc90671.ui;T-00000000_G-96a006b0_I-898897de.ui,,yes,2x-in-place,,
0x856DDBAC,0x46A006B0,0x14015550,EXCLUSIVE,2,2,T-00000000_G-08000600_I-2bc90671.ui;T-00000000_G-96a006b0_I-2bc90671.ui,,yes,2x-in-place,,
0x856DDBAC,0x46A006B0,0x14015555,EXCLUSIVE,2,2,T-00000000_G-08000600_I-c973b411.ui;T-00000000_G-96a006b0_I-c973b411.ui,,yes,2x-in-place,,
0x856DDBAC,0x46A006B0,0x14015556,EXCLUSIVE,6,2,T-00000000_G-96a006b0_I-6bc9065a.ui;T-00000000_G-96a006b0_I-ea2871aa.ui,,yes,2x-in-place,,
0x856DDBAC,0x46A006B0,0x14015557,EXCLUSIVE,1,1,T-00000000_G-96a006b0_I-ea2871aa.ui,,yes,2x-in-place,,
0x856DDBAC,0x46A006B0,0x14015558,EXCLUSIVE,2,2,T-00000000_G-96a006b0_I-6bc9065a.ui;T-00000000_G-96a006b0_I-ea2871aa.ui,,yes,2x-in-place,,
0x856DDBAC,0x46A006B0,0x14015570,EXCLUSIVE,2,2,T-00000000_G-96a006b0_I-4a160034.ui;T-00000000_G-96a006b0_I-cbc905cd.ui,,yes,2x-in-place,,
0x856DDBAC,0x46A006B0,0x14015571,EXCLUSIVE,2,2,T-00000000_G-96a006b0_I-4a160034.ui;T-00000000_G-96a006b0_I-cbc905cd.ui,,yes,2x-in-place,,
0x856DDBAC,0x46A006B0,0x14015572,EXCLUSIVE,2,2,T-00000000_G-96a006b0_I-4a160034.ui;T-00000000_G-96a006b0_I-cbc905cd.ui,,yes,2x-in-place,,
0x856DDBAC,0x46A006B0,0x14015573,EXCLUSIVE,2,2,T-00000000_G-96a006b0_I-4a160034.ui;T-00000000_G-96a006b0_I-cbc905cd.ui,,yes,2x-in-place,,
0x856DDBAC,0x46A006B0,0x14015574,EXCLUSIVE,2,2,T-00000000_G-96a006b0_I-4a160034.ui;T-00000000_G-96a006b0_I-cbc905cd.ui,,yes,2x-in-place,,
0x856DDBAC,0x46A006B0,0x14015575,EXCLUSIVE,2,2,T-00000000_G-96a006b0_I-4a160034.ui;T-00000000_G-96a006b0_I-cbc905cd.ui,,yes,2x-in-place,,
0x856DDBAC,0x46A006B0,0x14015576,EXCLUSIVE,2,2,T-00000000_G-96a006b0_I-4a160034.ui;T-00000000_G-96a006b0_I-cbc905cd.ui,,yes,2x-in-place,,
0x856DDBAC,0x46A006B0,0x14015577,EXCLUSIVE,3,2,T-00000000_G-96a006b0_I-4a160034.ui;T-00000000_G-96a006b0_I-cbc905cd.ui,,yes,2x-in-place,,
0x856DDBAC,0x46A006B0,0x14015578,EXCLUSIVE,6,4,T-00000000_G-08000600_I-aa1f1f57.ui;T-00000000_G-96a006b0_I-4a160034.ui;T-00000000_G-96a006b0_I-aa1f1f57.ui;T-00000000_G-96a006b0_I-cbc905cd.ui,,yes,2x-in-place,,
0x856DDBAC,0x46A006B0,0x14015579,EXCLUSIVE,3,2,T-00000000_G-96a006b0_I-4a160034.ui;T-00000000_G-96a006b0_I-cbc905cd.ui,,yes,2x-in-place,,
0x856DDBAC,0x46A006B0,0x1401557A,EXCLUSIVE,3,2,T-00000000_G-96a006b0_I-4a160034.ui;T-00000000_G-96a006b0_I-cbc905cd.ui,,yes,2x-in-place,,
0x856DDBAC,0x46A006B0,0x1401557C,EXCLUSIVE,8,4,T-00000000_G-96a006b0_I-4a160034.ui;T-00000000_G-96a006b0_I-aa3acdfe.ui;T-00000000_G-96a006b0_I-cbc3c2b9.ui;T-00000000_G-96a006b0_I-cbc905cd.ui,,yes,2x-in-place,,
0x856DDBAC,0x46A006B0,0x14015581,EXCLUSIVE,2,1,T-00000000_G-96a006b0_I-0a5fa5d6.ui,,yes,2x-in-place,,
0x856DDBAC,0x46A006B0,0x14015583,EXCLUSIVE,5,5,T-00000000_G-08000600_I-2bc90671.ui;T-00000000_G-08000600_I-898897de.ui;T-00000000_G-96a006b0_I-0a5fa5d6.ui;T-00000000_G-96a006b0_I-2bc90671.ui;T-00000000_G-96a006b0_I-898897de.ui,,yes,2x-in-place,,
0x856DDBAC,0x46A006B0,0x14015585,EXCLUSIVE,12,2,T-00000000_G-96a006b0_I-0a5fa5d6.ui;T-00000000_G-96a006b0_I-4bc906b5.ui,,yes,2x-in-place,,
0x856DDBAC,0x46A006B0,0x14015586,SHARED,15,5,T-00000000_G-08000600_I-898897de.ui;T-00000000_G-08000600_I-aa1f1f57.ui;T-00000000_G-96a006b0_I-aa1f1f57.ui,T-00000000_G-96a006b0_I-4a8cc5ea.ui;T-00000000_G-96a006b0_I-ca539340.ui,yes,clone+retarget,0x46A006B0,0x47425587
0x856DDBAC,0x46A006B0,0x14015590,EXCLUSIVE,11,3,T-00000000_G-96a006b0_I-0b72f276.ui;T-00000000_G-96a006b0_I-2bc9060f.ui;T-00000000_G-96a006b0_I-ea287193.ui,,yes,2x-in-place,,
0x856DDBAC,0x46A006B0,0x14015591,EXCLUSIVE,8,3,T-00000000_G-96a006b0_I-0b72f276.ui;T-00000000_G-96a006b0_I-2bc9060f.ui;T-00000000_G-96a006b0_I-ea287193.ui,,yes,2x-in-place,,
0x856DDBAC,0x46A006B0,0x14015592,EXCLUSIVE,10,3,T-00000000_G-96a006b0_I-0b72f276.ui;T-00000000_G-96a006b0_I-2bc9060f.ui;T-00000000_G-96a006b0_I-ea287193.ui,,yes,2x-in-place,,
0x856DDBAC,0x46A006B0,0x14015593,EXCLUSIVE,3,3,T-00000000_G-96a006b0_I-0b72f276.ui;T-00000000_G-96a006b0_I-2bc9060f.ui;T-00000000_G-96a006b0_I-ea287193.ui,,yes,2x-in-place,,
0x856DDBAC,0x46A006B0,0x140155B0,EXCLUSIVE,11,2,T-00000000_G-96a006b0_I-aa3acdfe.ui;T-00000000_G-96a006b0_I-cbc3c2b9.ui,,yes,2x-in-place,,
0x856DDBAC,0x46A006B0,0x140155B1,EXCLUSIVE,7,2,T-00000000_G-96a006b0_I-aa3acdfe.ui;T-00000000_G-96a006b0_I-cbc3c2b9.ui,,yes,2x-in-place,,
0x856DDBAC,0x46A006B0,0x140155B3,EXCLUSIVE,28,2,T-00000000_G-96a006b0_I-aa3acdfe.ui;T-00000000_G-96a006b0_I-cbc3c2b9.ui,,yes,2x-in-place,,
0x856DDBAC,0x46A006B0,0x140155B5,EXCLUSIVE,26,2,T-00000000_G-96a006b0_I-aa3acdfe.ui;T-00000000_G-96a006b0_I-cbc3c2b9.ui,,yes,2x-in-place,,
0x856DDBAC,0x46A006B0,0x140155B6,EXCLUSIVE,2,2,T-00000000_G-96a006b0_I-aa3acdfe.ui;T-00000000_G-96a006b0_I-cbc3c2b9.ui,,yes,2x-in-place,,
0x856DDBAC,0x46A006B0,0x140155C9,EXCLUSIVE,2,2,T-00000000_G-96a006b0_I-aa3acdfe.ui;T-00000000_G-96a006b0_I-cbc3c2b9.ui,,yes,2x-in-place,,
0x856DDBAC,0x46A006B0,0x140155CA,EXCLUSIVE,1,1,T-00000000_G-96a006b0_I-aa3acdfe.ui,,yes,2x-in-place,,
0x856DDBAC,0x46A006B0,0x140155CB,EXCLUSIVE,2,2,T-00000000_G-96a006b0_I-aa3acdfe.ui;T-00000000_G-96a006b0_I-cbc3c2b9.ui,,yes,2x-in-place,,
0x856DDBAC,0x46A006B0,0x140155CC,EXCLUSIVE,2,2,T-00000000_G-96a006b0_I-aa3acdfe.ui;T-00000000_G-96a006b0_I-cbc3c2b9.ui,,yes,2x-in-place,,
0x856DDBAC,0x46A006B0,0x140155E0,EXCLUSIVE,1,1,T-00000000_G-08000600_I-898897de.ui,,yes,2x-in-place,,
0x856DDBAC,0x46A006B0,0x140155E1,EXCLUSIVE,4,1,T-00000000_G-08000600_I-898897de.ui,,yes,2x-in-place,,
0x856DDBAC,0x46A006B0,0x140155E2,EXCLUSIVE,1,1,T-00000000_G-08000600_I-e9923283.ui,,yes,2x-in-place,,
0x856DDBAC,0x46A006B0,0x140155E3,EXCLUSIVE,1,1,T-00000000_G-08000600_I-09923283.ui,,yes,2x-in-place,,
0x856DDBAC,0x46A006B0,0x140155E4,EXCLUSIVE,1,1,T-00000000_G-08000600_I-e9949936.ui,,yes,2x-in-place,,
0x856DDBAC,0x46A006B0,0x140155E5,EXCLUSIVE,2,2,T-00000000_G-08000600_I-e99237ff.ui;T-00000000_G-96a006b0_I-e99237ff.ui,,yes,2x-in-place,,
0x856DDBAC,0x46A006B0,0x140155E6,EXCLUSIVE,1,1,T-00000000_G-08000600_I-c9930681.ui,,yes,2x-in-place,,
0x856DDBAC,0x46A006B0,0x140155E9,EXCLUSIVE,1,1,T-00000000_G-96a006b0_I-0a5fa5d6.ui,,yes,2x-in-place,,
0x856DDBAC,0x46A006B0,0x140155EA,EXCLUSIVE,6,2,T-00000000_G-96a006b0_I-4a160034.ui;T-00000000_G-96a006b0_I-cbc905cd.ui,,yes,2x-in-place,,
0x856DDBAC,0x46A006B0,0x140155EB,EXCLUSIVE,4,2,T-00000000_G-96a006b0_I-aa3acdfe.ui;T-00000000_G-96a006b0_I-cbc3c2b9.ui,,yes,2x-in-place,,
0x856DDBAC,0x46A006B0,0x140155EC,EXCLUSIVE,9,3,T-00000000_G-96a006b0_I-0b72f276.ui;T-00000000_G-96a006b0_I-2bc9060f.ui;T-00000000_G-96a006b0_I-ea287193.ui,,yes,2x-in-place,,
0x856DDBAC,0x46A006B0,0x140155ED,EXCLUSIVE,4,2,T-00000000_G-96a006b0_I-6bc9065a.ui;T-00000000_G-96a006b0_I-ea2871aa.ui,,yes,2x-in-place,,
0x856DDBAC,0x46A006B0,0x14215E20,EXCLUSIVE,1,1,T-00000000_G-96a006b0_I-a991ed83.ui,,yes,2x-in-place,,
0x856DDBAC,0x46A006B0,0x14215E21,EXCLUSIVE,5,5,T-00000000_G-08000600_I-2bc90671.ui;T-00000000_G-08000600_I-898897de.ui;T-00000000_G-96a006b0_I-2bc90671.ui;T-00000000_G-96a006b0_I-898897de.ui;T-00000000_G-96a006b0_I-a991ed83.ui,,yes,2x-in-place,,
0x856DDBAC,0x46A006B0,0x14215E22,EXCLUSIVE,5,5,T-00000000_G-08000600_I-2bc90671.ui;T-00000000_G-08000600_I-898897de.ui;T-00000000_G-96a006b0_I-2bc90671.ui;T-00000000_G-96a006b0_I-898897de.ui;T-00000000_G-96a006b0_I-a991ed83.ui,,yes,2x-in-place,,
0x856DDBAC,0x46A006B0,0x14215E23,EXCLUSIVE,5,5,T-00000000_G-08000600_I-2bc90671.ui;T-00000000_G-08000600_I-898897de.ui;T-00000000_G-96a006b0_I-2bc90671.ui;T-00000000_G-96a006b0_I-898897de.ui;T-00000000_G-96a006b0_I-a991ed83.ui,,yes,2x-in-place,,
0x856DDBAC,0x46A006B0,0x14215E24,EXCLUSIVE,5,5,T-00000000_G-08000600_I-2bc90671.ui;T-00000000_G-08000600_I-898897de.ui;T-00000000_G-96a006b0_I-2bc90671.ui;T-00000000_G-96a006b0_I-898897de.ui;T-00000000_G-96a006b0_I-a991ed83.ui,,yes,2x-in-place,,
0x856DDBAC,0x46A006B0,0x14215E25,EXCLUSIVE,5,5,T-00000000_G-08000600_I-2bc90671.ui;T-00000000_G-08000600_I-898897de.ui;T-00000000_G-96a006b0_I-2bc90671.ui;T-00000000_G-96a006b0_I-898897de.ui;T-00000000_G-96a006b0_I-a991ed83.ui,,yes,2x-in-place,,
0x856DDBAC,0x46A006B0,0x14215E26,EXCLUSIVE,5,5,T-00000000_G-08000600_I-2bc90671.ui;T-00000000_G-08000600_I-898897de.ui;T-00000000_G-96a006b0_I-2bc90671.ui;T-00000000_G-96a006b0_I-898897de.ui;T-00000000_G-96a006b0_I-a991ed83.ui,,yes,2x-in-place,,
0x856DDBAC,0x46A006B0,0x14215E27,EXCLUSIVE,1,1,T-00000000_G-96a006b0_I-09923283.ui,,yes,2x-in-place,,
0x856DDBAC,0x46A006B0,0x14215E28,EXCLUSIVE,1,1,T-00000000_G-96a006b0_I-e9949936.ui,,yes,2x-in-place,,
0x856DDBAC,0x46A006B0,0x14215E2A,EXCLUSIVE,1,1,T-00000000_G-96a006b0_I-4992f764.ui,,yes,2x-in-place,,
0x856DDBAC,0x46A006B0,0x14215E2B,EXCLUSIVE,1,1,T-00000000_G-96a006b0_I-c9930681.ui,,yes,2x-in-place,,
0x856DDBAC,0x46A006B0,0x14215E2C,EXCLUSIVE,1,1,T-00000000_G-96a006b0_I-899302fc.ui,,yes,2x-in-place,,
0x856DDBAC,0x46A006B0,0x14215E30,EXCLUSIVE,4,4,T-00000000_G-08000600_I-09923283.ui;T-00000000_G-08000600_I-e9923283.ui;T-00000000_G-96a006b0_I-09923283.ui;T-00000000_G-96a006b0_I-e9923283.ui,,yes,2x-in-place,,
0x856DDBAC,0x46A006B0,0x14215E31,EXCLUSIVE,4,4,T-00000000_G-08000600_I-09923283.ui;T-00000000_G-08000600_I-e9923283.ui;T-00000000_G-96a006b0_I-09923283.ui;T-00000000_G-96a006b0_I-e9923283.ui,,yes,2x-in-place,,
0x856DDBAC,0x46A006B0,0x14215E32,EXCLUSIVE,4,4,T-00000000_G-08000600_I-09923283.ui;T-00000000_G-08000600_I-e9923283.ui;T-00000000_G-96a006b0_I-09923283.ui;T-00000000_G-96a006b0_I-e9923283.ui,,yes,2x-in-place,,
0x856DDBAC,0x46A006B0,0x14215E34,EXCLUSIVE,4,4,T-00000000_G-08000600_I-09923283.ui;T-00000000_G-08000600_I-e9923283.ui;T-00000000_G-96a006b0_I-09923283.ui;T-00000000_G-96a006b0_I-e9923283.ui,,yes,2x-in-place,,
0x856DDBAC,0x46A006B0,0x14215E35,EXCLUSIVE,2,2,T-00000000_G-08000600_I-e9923283.ui;T-00000000_G-96a006b0_I-e9923283.ui,,yes,2x-in-place,,
0x856DDBAC,0x46A006B0,0x14215E40,EXCLUSIVE,2,2,T-00000000_G-08000600_I-e9949936.ui;T-00000000_G-96a006b0_I-e9949936.ui,,yes,2x-in-place,,
0x856DDBAC,0x46A006B0,0x14215E41,EXCLUSIVE,2,2,T-00000000_G-08000600_I-e9949936.ui;T-00000000_G-96a006b0_I-e9949936.ui,,yes,2x-in-place,,
0x856DDBAC,0x46A006B0,0x14215E42,EXCLUSIVE,2,2,T-00000000_G-08000600_I-e9949936.ui;T-00000000_G-96a006b0_I-e9949936.ui,,yes,2x-in-place,,
0x856DDBAC,0x46A006B0,0x14215E43,EXCLUSIVE,2,2,T-00000000_G-08000600_I-e99237ff.ui;T-00000000_G-96a006b0_I-e99237ff.ui,,yes,2x-in-place,,
0x856DDBAC,0x46A006B0,0x14215E44,EXCLUSIVE,2,2,T-00000000_G-08000600_I-e99237ff.ui;T-00000000_G-96a006b0_I-e99237ff.ui,,yes,2x-in-place,,
0x856DDBAC,0x46A006B0,0x14215E45,EXCLUSIVE,1,1,T-00000000_G-96a006b0_I-4992f764.ui,,yes,2x-in-place,,
0x856DDBAC,0x46A006B0,0x14215E50,EXCLUSIVE,2,2,T-00000000_G-08000600_I-e99237ff.ui;T-00000000_G-96a006b0_I-e99237ff.ui,,yes,2x-in-place,,
0x856DDBAC,0x46A006B0,0x14215E51,EXCLUSIVE,2,2,T-00000000_G-08000600_I-e99237ff.ui;T-00000000_G-96a006b0_I-e99237ff.ui,,yes,2x-in-place,,
0x856DDBAC,0x46A006B0,0x14215E53,EXCLUSIVE,2,2,T-00000000_G-08000600_I-e99237ff.ui;T-00000000_G-96a006b0_I-e99237ff.ui,,yes,2x-in-place,,
0x856DDBAC,0x46A006B0,0x14215E54,EXCLUSIVE,2,2,T-00000000_G-08000600_I-e99237ff.ui;T-00000000_G-96a006b0_I-e99237ff.ui,,yes,2x-in-place,,
0x856DDBAC,0x46A006B0,0x14215E60,EXCLUSIVE,1,1,T-00000000_G-96a006b0_I-4992f764.ui,,yes,2x-in-place,,
0x856DDBAC,0x46A006B0,0x14215E63,EXCLUSIVE,1,1,T-00000000_G-96a006b0_I-4992f764.ui,,yes,2x-in-place,,
0x856DDBAC,0x46A006B0,0x14215E70,EXCLUSIVE,2,2,T-00000000_G-08000600_I-c9930681.ui;T-00000000_G-96a006b0_I-c9930681.ui,,yes,2x-in-place,,
0x856DDBAC,0x46A006B0,0x14215E71,EXCLUSIVE,2,2,T-00000000_G-08000600_I-c9930681.ui;T-00000000_G-96a006b0_I-c9930681.ui,,yes,2x-in-place,,
0x856DDBAC,0x46A006B0,0x14215E72,EXCLUSIVE,2,2,T-00000000_G-08000600_I-c9930681.ui;T-00000000_G-96a006b0_I-c9930681.ui,,yes,2x-in-place,,
0x856DDBAC,0x46A006B0,0x14215E73,EXCLUSIVE,2,2,T-00000000_G-08000600_I-c9930681.ui;T-00000000_G-96a006b0_I-c9930681.ui,,yes,2x-in-place,,
0x856DDBAC,0x46A006B0,0x14215E74,EXCLUSIVE,2,2,T-00000000_G-08000600_I-c9930681.ui;T-00000000_G-96a006b0_I-c9930681.ui,,yes,2x-in-place,,
0x856DDBAC,0x46A006B0,0x14215E75,EXCLUSIVE,2,2,T-00000000_G-08000600_I-c9930681.ui;T-00000000_G-96a006b0_I-c9930681.ui,,yes,2x-in-place,,
0x856DDBAC,0x46A006B0,0x14215E76,EXCLUSIVE,2,2,T-00000000_G-08000600_I-c9930681.ui;T-00000000_G-96a006b0_I-c9930681.ui,,yes,2x-in-place,,
0x856DDBAC,0x46A006B0,0x14215E80,EXCLUSIVE,1,1,T-00000000_G-96a006b0_I-899302fc.ui,,yes,2x-in-place,,
0x856DDBAC,0x46A006B0,0x14415860,EXCLUSIVE,2,2,T-00000000_G-08000600_I-c973b411.ui;T-00000000_G-96a006b0_I-c973b411.ui,,yes,2x-in-place,,
0x856DDBAC,0x46A006B0,0x14415870,EXCLUSIVE,2,2,T-00000000_G-96a006b0_I-69e3d347.ui;T-00000000_G-96a006b0_I-aa53e3ea.ui,,yes,2x-in-place,,
0x856DDBAC,0x46A006B0,0x14415872,EXCLUSIVE,2,2,T-00000000_G-96a006b0_I-69e3d347.ui;T-00000000_G-96a006b0_I-aa53e3ea.ui,,yes,2x-in-place,,
0x856DDBAC,0x46A006B0,0x14415873,EXCLUSIVE,2,2,T-00000000_G-96a006b0_I-69e3d347.ui;T-00000000_G-96a006b0_I-aa53e3ea.ui,,yes,2x-in-place,,
0x856DDBAC,0x46A006B0,0x14415874,EXCLUSIVE,1,1,T-00000000_G-96a006b0_I-69e3d347.ui,,yes,2x-in-place,,
0x856DDBAC,0x46A006B0,0x14415875,EXCLUSIVE,1,1,T-00000000_G-96a006b0_I-e9923283.ui,,yes,2x-in-place,,
0x856DDBAC,0x46A006B0,0x14415876,EXCLUSIVE,1,1,T-00000000_G-96a006b0_I-69e3d347.ui,,yes,2x-in-place,,
0x856DDBAC,0x46A006B0,0x14415878,EXCLUSIVE,2,2,T-00000000_G-96a006b0_I-69e3d347.ui;T-00000000_G-96a006b0_I-aa53e3ea.ui,,yes,2x-in-place,,
0x856DDBAC,0x46A006B0,0x14415879,EXCLUSIVE,1,1,T-00000000_G-96a006b0_I-69e3d347.ui,,yes,2x-in-place,,
0x856DDBAC,0x46A006B0,0x1441587A,EXCLUSIVE,1,1,T-00000000_G-96a006b0_I-aa53e3ea.ui,,yes,2x-in-place,,
0x856DDBAC,0x46A006B0,0x1441587B,EXCLUSIVE,1,1,T-00000000_G-96a006b0_I-aa53e3ea.ui,,yes,2x-in-place,,
0x856DDBAC,0x46A006B0,0x14415880,EXCLUSIVE,1,1,T-00000000_G-96a006b0_I-aa356502.ui,,yes,2x-in-place,,
0x856DDBAC,0x46A006B0,0x14415881,EXCLUSIVE,1,1,T-00000000_G-96a006b0_I-aa356502.ui,,yes,2x-in-place,,
0x856DDBAC,0x46A006B0,0x14415882,EXCLUSIVE,1,1,T-00000000_G-96a006b0_I-aa356502.ui,,yes,2x-in-place,,
0x856DDBAC,0x46A006B0,0x14415883,EXCLUSIVE,1,1,T-00000000_G-96a006b0_I-aa356502.ui,,yes,2x-in-place,,
0x856DDBAC,0x46A006B0,0x14415886,EXCLUSIVE,1,1,T-00000000_G-96a006b0_I-aaa44448.ui,,yes,2x-in-place,,
0x856DDBAC,0x46A006B0,0x14415887,EXCLUSIVE,1,1,T-00000000_G-96a006b0_I-aaa44448.ui,,yes,2x-in-place,,
0x856DDBAC,0x46A006B0,0x14415888,EXCLUSIVE,1,1,T-00000000_G-96a006b0_I-aaa44448.ui,,yes,2x-in-place,,
0x856DDBAC,0x46A006B0,0x14415889,EXCLUSIVE,1,1,T-00000000_G-96a006b0_I-aaa44448.ui,,yes,2x-in-place,,
0x856DDBAC,0x46A006B0,0x1441588A,EXCLUSIVE,1,1,T-00000000_G-96a006b0_I-aaa44448.ui,,yes,2x-in-place,,
0x856DDBAC,0x46A006B0,0x14416102,EXCLUSIVE,2,2,T-00000000_G-08000600_I-c973b411.ui;T-00000000_G-96a006b0_I-c973b411.ui,,yes,2x-in-place,,
0x856DDBAC,0x46A006B0,0x14416103,EXCLUSIVE,2,2,T-00000000_G-08000600_I-c973b411.ui;T-00000000_G-96a006b0_I-c973b411.ui,,yes,2x-in-place,,
0x856DDBAC,0x46A006B0,0x14416104,EXCLUSIVE,2,2,T-00000000_G-08000600_I-c973b411.ui;T-00000000_G-96a006b0_I-c973b411.ui,,yes,2x-in-place,,
0x856DDBAC,0x46A006B0,0x14416105,EXCLUSIVE,2,2,T-00000000_G-08000600_I-c973b411.ui;T-00000000_G-96a006b0_I-c973b411.ui,,yes,2x-in-place,,
0x856DDBAC,0x46A006B0,0x14416106,EXCLUSIVE,1,1,T-00000000_G-96a006b0_I-aa920991.ui,,yes,2x-in-place,,
0x856DDBAC,0x46A006B0,0x144161C0,UNSCALED,1,1,,T-00000000_G-96a006b0_I-6aca9687.ui,yes,untouched,,
0x856DDBAC,0x46A006B0,0x144161E0,SHARED,54,54,T-00000000_G-08000600_I-aa1f1f57.ui;T-00000000_G-96a006b0_I-0b72f276.ui;T-00000000_G-96a006b0_I-2bc9060f.ui;T-00000000_G-96a006b0_I-4a160034.ui;T-00000000_G-96a006b0_I-6bc61f19.ui;T-00000000_G-96a006b0_I-6bc9065a.ui;T-00000000_G-96a006b0_I-aa1f1f57.ui;T-00000000_G-96a006b0_I-aa3acdfe.ui;T-00000000_G-96a006b0_I-cbc3c2b9.ui;T-00000000_G-96a006b0_I-cbc905cd.ui;T-00000000_G-96a006b0_I-ea287193.ui;T-00000000_G-96a006b0_I-ea2871aa.ui,T-00000000_G-96a006b0_I-0c1d56e4.ui;T-00000000_G-96a006b0_I-0c1d730b.ui;T-00000000_G-96a006b0_I-0c1d7737.ui;T-00000000_G-96a006b0_I-0c1d7974.ui;T-00000000_G-96a006b0_I-0c1d79ac.ui;T-00000000_G-96a006b0_I-0c1d7b60.ui;T-00000000_G-96a006b0_I-0c1d7e71.ui;T-00000000_G-96a006b0_I-0c1d81fc.ui;T-00000000_G-96a006b0_I-2c02ba84.ui;T-00000000_G-96a006b0_I-2c1d73cb.ui;T-00000000_G-96a006b0_I-2c1d784b.ui;T-00000000_G-96a006b0_I-2c1d8024.ui;T-00000000_G-96a006b0_I-4c1a68d2.ui;T-00000000_G-96a006b0_I-4c1d78f7.ui;T-00000000_G-96a006b0_I-4c1d7c0c.ui;T-00000000_G-96a006b0_I-4c1d7c65.ui;T-00000000_G-96a006b0_I-4c1d7d40.ui;T-00000000_G-96a006b0_I-6c1d789a.ui;T-00000000_G-96a006b0_I-6c1d7ac3.ui;T-00000000_G-96a006b0_I-6c1d7f5c.ui;T-00000000_G-96a006b0_I-6c1d8057.ui;T-00000000_G-96a006b0_I-8c1d7423.ui;T-00000000_G-96a006b0_I-8c1d76d5.ui;T-00000000_G-96a006b0_I-8c3bd047.ui;T-00000000_G-96a006b0_I-ac1d544d.ui;T-00000000_G-96a006b0_I-ac1d7548.ui;T-00000000_G-96a006b0_I-ac1d7a81.ui;T-00000000_G-96a006b0_I-cc1d71d3.ui;T-00000000_G-96a006b0_I-cc1d72a2.ui;T-00000000_G-96a006b0_I-cc1d778b.ui;T-00000000_G-96a006b0_I-cc1d7a1f.ui;T-00000000_G-96a006b0_I-cc1d824f.ui;T-00000000_G-96a006b0_I-cc44f885.ui;T-00000000_G-96a006b0_I-ec1a73ba.ui;T-00000000_G-96a006b0_I-ec1d74d5.ui;T-00000000_G-96a006b0_I-ec1d7599.ui;T-00000000_G-96a006b0_I-ec1d75e2.ui;T-00000000_G-96a006b0_I-ec1d77dd.ui;T-00000000_G-96a006b0_I-ec1d79d7.ui;T-00000000_G-96a006b0_I-ec1d7a56.ui;T-00000000_G-96a006b0_I-ec1d7efe.ui;T-00000000_G-96a006b0_I-ec1d8125.ui,yes,clone+retarget,0x46A006B0,0x470261E1
0x856DDBAC,0x46A006B0,0x144161E2,SHARED,57,54,T-00000000_G-08000600_I-aa1f1f57.ui;T-00000000_G-96a006b0_I-0b72f276.ui;T-00000000_G-96a006b0_I-2bc9060f.ui;T-00000000_G-96a006b0_I-4a160034.ui;T-00000000_G-96a006b0_I-6bc61f19.ui;T-00000000_G-96a006b0_I-6bc9065a.ui;T-00000000_G-96a006b0_I-aa1f1f57.ui;T-00000000_G-96a006b0_I-aa3acdfe.ui;T-00000000_G-96a006b0_I-cbc3c2b9.ui;T-00000000_G-96a006b0_I-cbc905cd.ui;T-00000000_G-96a006b0_I-ea287193.ui;T-00000000_G-96a006b0_I-ea2871aa.ui,T-00000000_G-96a006b0_I-0c1d56e4.ui;T-00000000_G-96a006b0_I-0c1d730b.ui;T-00000000_G-96a006b0_I-0c1d7737.ui;T-00000000_G-96a006b0_I-0c1d7974.ui;T-00000000_G-96a006b0_I-0c1d79ac.ui;T-00000000_G-96a006b0_I-0c1d7b60.ui;T-00000000_G-96a006b0_I-0c1d7e71.ui;T-00000000_G-96a006b0_I-0c1d81fc.ui;T-00000000_G-96a006b0_I-2c02ba84.ui;T-00000000_G-96a006b0_I-2c1d73cb.ui;T-00000000_G-96a006b0_I-2c1d784b.ui;T-00000000_G-96a006b0_I-2c1d8024.ui;T-00000000_G-96a006b0_I-4c1a68d2.ui;T-00000000_G-96a006b0_I-4c1d78f7.ui;T-00000000_G-96a006b0_I-4c1d7c0c.ui;T-00000000_G-96a006b0_I-4c1d7c65.ui;T-00000000_G-96a006b0_I-4c1d7d40.ui;T-00000000_G-96a006b0_I-6c1d789a.ui;T-00000000_G-96a006b0_I-6c1d7ac3.ui;T-00000000_G-96a006b0_I-6c1d7f5c.ui;T-00000000_G-96a006b0_I-6c1d8057.ui;T-00000000_G-96a006b0_I-8c1d7423.ui;T-00000000_G-96a006b0_I-8c1d76d5.ui;T-00000000_G-96a006b0_I-8c3bd047.ui;T-00000000_G-96a006b0_I-ac1d544d.ui;T-00000000_G-96a006b0_I-ac1d7548.ui;T-00000000_G-96a006b0_I-ac1d7a81.ui;T-00000000_G-96a006b0_I-cc1d71d3.ui;T-00000000_G-96a006b0_I-cc1d72a2.ui;T-00000000_G-96a006b0_I-cc1d778b.ui;T-00000000_G-96a006b0_I-cc1d7a1f.ui;T-00000000_G-96a006b0_I-cc1d824f.ui;T-00000000_G-96a006b0_I-cc44f885.ui;T-00000000_G-96a006b0_I-ec1a73ba.ui;T-00000000_G-96a006b0_I-ec1d74d5.ui;T-00000000_G-96a006b0_I-ec1d7599.ui;T-00000000_G-96a006b0_I-ec1d75e2.ui;T-00000000_G-96a006b0_I-ec1d77dd.ui;T-00000000_G-96a006b0_I-ec1d79d7.ui;T-00000000_G-96a006b0_I-ec1d7a56.ui;T-00000000_G-96a006b0_I-ec1d7efe.ui;T-00000000_G-96a006b0_I-ec1d8125.ui,yes,clone+retarget,0x46A006B0,0x470261E3
0x856DDBAC,0x46A006B0,0x144161E4,SHARED,94,49,T-00000000_G-96a006b0_I-aa920991.ui,T-00000000_G-96a006b0_I-0a55161d.ui;T-00000000_G-96a006b0_I-0a5cf71d.ui;T-00000000_G-96a006b0_I-0c1d56e4.ui;T-00000000_G-96a006b0_I-0c1d730b.ui;T-00000000_G-96a006b0_I-0c1d7737.ui;T-00000000_G-96a006b0_I-0c1d7974.ui;T-00000000_G-96a006b0_I-0c1d79ac.ui;T-00000000_G-96a006b0_I-0c1d7b60.ui;T-00000000_G-96a006b0_I-0c1d7e71.ui;T-00000000_G-96a006b0_I-0c1d81fc.ui;T-00000000_G-96a006b0_I-2a41436b.ui;T-00000000_G-96a006b0_I-2c1d73cb.ui;T-00000000_G-96a006b0_I-2c1d784b.ui;T-00000000_G-96a006b0_I-2c1d8024.ui;T-00000000_G-96a006b0_I-4a551b4c.ui;T-00000000_G-96a006b0_I-4c1a68d2.ui;T-00000000_G-96a006b0_I-4c1d78f7.ui;T-00000000_G-96a006b0_I-4c1d7c0c.ui;T-00000000_G-96a006b0_I-4c1d7c65.ui;T-00000000_G-96a006b0_I-4c1d7d40.ui;T-00000000_G-96a006b0_I-6a553aa4.ui;T-00000000_G-96a006b0_I-6c1d789a.ui;T-00000000_G-96a006b0_I-6c1d7ac3.ui;T-00000000_G-96a006b0_I-6c1d7f5c.ui;T-00000000_G-96a006b0_I-6c1d8057.ui;T-00000000_G-96a006b0_I-8c1d7423.ui;T-00000000_G-96a006b0_I-8c1d76d5.ui;T-00000000_G-96a006b0_I-8c3bd047.ui;T-00000000_G-96a006b0_I-ac1d544d.ui;T-00000000_G-96a006b0_I-ac1d7548.ui;T-00000000_G-96a006b0_I-ac1d7a81.ui;T-00000000_G-96a006b0_I-ca53f06e.ui;T-00000000_G-96a006b0_I-cc1d71d3.ui;T-00000000_G-96a006b0_I-cc1d72a2.ui;T-00000000_G-96a006b0_I-cc1d778b.ui;T-00000000_G-96a006b0_I-cc1d7a1f.ui;T-00000000_G-96a006b0_I-cc1d824f.ui;T-00000000_G-96a006b0_I-cc44f885.ui;T-00000000_G-96a006b0_I-eaaeec1b.ui;T-00000000_G-96a006b0_I-ec1a73ba.ui;T-00000000_G-96a006b0_I-ec1d74d5.ui;T-00000000_G-96a006b0_I-ec1d7599.ui;T-00000000_G-96a006b0_I-ec1d75e2.ui;T-00000000_G-96a006b0_I-ec1d77dd.ui;T-00000000_G-96a006b0_I-ec1d79d7.ui;T-00000000_G-96a006b0_I-ec1d7a56.ui;T-00000000_G-96a006b0_I-ec1d7efe.ui;T-00000000_G-96a006b0_I-ec1d8125.ui,yes,clone+retarget,0x46A006B0,0x470261E5
0x856DDBAC,0x46A006B0,0x144161E7,UNSCALED,1,1,,T-00000000_G-96a006b0_I-aa5e60d1.ui,yes,untouched,,
0x856DDBAC,0x46A006B0,0x144161E9,EXCLUSIVE,152,7,T-00000000_G-96a006b0_I-0b72f276.ui;T-00000000_G-96a006b0_I-2bc9060f.ui;T-00000000_G-96a006b0_I-6bc61f19.ui;T-00000000_G-96a006b0_I-6bc9065a.ui;T-00000000_G-96a006b0_I-abb0120f.ui;T-00000000_G-96a006b0_I-ea287193.ui;T-00000000_G-96a006b0_I-ea2871aa.ui,,yes,2x-in-place,,
0x856DDBAC,0x46A006B0,0x144161EA,EXCLUSIVE,4,1,T-00000000_G-96a006b0_I-6bc61f19.ui,,yes,2x-in-place,,
0x856DDBAC,0x46A006B0,0x144161EB,SHARED,151,109,T-00000000_G-08000600_I-aa1f1f57.ui;T-00000000_G-96a006b0_I-0b72f276.ui;T-00000000_G-96a006b0_I-2bc9060f.ui;T-00000000_G-96a006b0_I-aa1f1f57.ui;T-00000000_G-96a006b0_I-aa3acdfe.ui;T-00000000_G-96a006b0_I-cbc3c2b9.ui;T-00000000_G-96a006b0_I-ea287193.ui,T-00000000_G-96a006b0_I-0a243d80.ui;T-00000000_G-96a006b0_I-0a2dd355.ui;T-00000000_G-96a006b0_I-0a4d0c43.ui;T-00000000_G-96a006b0_I-0a55161d.ui;T-00000000_G-96a006b0_I-0a562a05.ui;T-00000000_G-96a006b0_I-0a7df315.ui;T-00000000_G-96a006b0_I-0a8b819e.ui;T-00000000_G-96a006b0_I-0a8b98fe.ui;T-00000000_G-96a006b0_I-0a8b9a67.ui;T-00000000_G-96a006b0_I-0a8b9c43.ui;T-00000000_G-96a006b0_I-0a8b9c6a.ui;T-00000000_G-96a006b0_I-2a554f6d.ui;T-00000000_G-96a006b0_I-2a5621ee.ui;T-00000000_G-96a006b0_I-2a564884.ui;T-00000000_G-96a006b0_I-2a56675c.ui;T-00000000_G-96a006b0_I-2a567dc1.ui;T-00000000_G-96a006b0_I-2a5e7490.ui;T-00000000_G-96a006b0_I-2a8b7e1c.ui;T-00000000_G-96a006b0_I-2a8b97c1.ui;T-00000000_G-96a006b0_I-2a8b99d0.ui;T-00000000_G-96a006b0_I-2a8b9df2.ui;T-00000000_G-96a006b0_I-2c096de6.ui;T-00000000_G-96a006b0_I-4a551b4c.ui;T-00000000_G-96a006b0_I-4a562da5.ui;T-00000000_G-96a006b0_I-4a565d13.ui;T-00000000_G-96a006b0_I-4a5665eb.ui;T-00000000_G-96a006b0_I-4a566c14.ui;T-00000000_G-96a006b0_I-4a566d6e.ui;T-00000000_G-96a006b0_I-4a5672bf.ui;T-00000000_G-96a006b0_I-4a5e7ed3.ui;T-00000000_G-96a006b0_I-4a89b3f2.ui;T-00000000_G-96a006b0_I-4a8b7fe7.ui;T-00000000_G-96a006b0_I-4a8b9396.ui;T-00000000_G-96a006b0_I-4a8b9936.ui;T-00000000_G-96a006b0_I-4a8b9c92.ui;T-00000000_G-96a006b0_I-4a8b9dab.ui;T-00000000_G-96a006b0_I-4a8cc5ea.ui;T-00000000_G-96a006b0_I-4c0969e2.ui;T-00000000_G-96a006b0_I-4c47800e.ui;T-00000000_G-96a006b0_I-6a51506f.ui;T-00000000_G-96a006b0_I-6a553aa4.ui;T-00000000_G-96a006b0_I-6a555a84.ui;T-00000000_G-96a006b0_I-6a561b3a.ui;T-00000000_G-96a006b0_I-6a562f56.ui;T-00000000_G-96a006b0_I-6a566151.ui;T-00000000_G-96a006b0_I-6a5e73c0.ui;T-00000000_G-96a006b0_I-6a8b9875.ui;T-00000000_G-96a006b0_I-6a8b9acc.ui;T-00000000_G-96a006b0_I-6a8b9af3.ui;T-00000000_G-96a006b0_I-6b704690.ui;T-00000000_G-96a006b0_I-8a4d0a17.ui;T-00000000_G-96a006b0_I-8a554483.ui;T-00000000_G-96a006b0_I-8a5ab1cb.ui;T-00000000_G-96a006b0_I-8a5ab1cc.ui;T-00000000_G-96a006b0_I-8a5ab1cd.ui;T-00000000_G-96a006b0_I-8a5ab1ce.ui;T-00000000_G-96a006b0_I-8a5ab1cf.ui;T-00000000_G-96a006b0_I-8a5ab1d0.ui;T-00000000_G-96a006b0_I-8a5e7bd2.ui;T-00000000_G-96a006b0_I-8a7e052f.ui;T-00000000_G-96a006b0_I-8a8b95b0.ui;T-00000000_G-96a006b0_I-8a8b9811.ui;T-00000000_G-96a006b0_I-8a8b98a7.ui;T-00000000_G-96a006b0_I-8a8b9d12.ui;T-00000000_G-96a006b0_I-8a948d49.ui;T-00000000_G-96a006b0_I-aa554aea.ui;T-00000000_G-96a006b0_I-aa555346.ui;T-00000000_G-96a006b0_I-aa561f93.ui;T-00000000_G-96a006b0_I-aa565036.ui;T-00000000_G-96a006b0_I-aa565f5b.ui;T-00000000_G-96a006b0_I-aa5661eb.ui;T-00000000_G-96a006b0_I-aa5bef41.ui;T-00000000_G-96a006b0_I-aa5e14cc.ui;T-00000000_G-96a006b0_I-aa8b9755.ui;T-00000000_G-96a006b0_I-aa8b9971.ui;T-00000000_G-96a006b0_I-aa8b999e.ui;T-00000000_G-96a006b0_I-ac096ac7.ui;T-00000000_G-96a006b0_I-ac3b72f6.ui;T-00000000_G-96a006b0_I-ca4d0b22.ui;T-00000000_G-96a006b0_I-ca53f06e.ui;T-00000000_G-96a006b0_I-ca551016.ui;T-00000000_G-96a006b0_I-ca566f94.ui;T-00000000_G-96a006b0_I-ca56783a.ui;T-00000000_G-96a006b0_I-ca8b8408.ui;T-00000000_G-96a006b0_I-ca8b8564.ui;T-00000000_G-96a006b0_I-ca8b96c2.ui;T-00000000_G-96a006b0_I-ca8b9845.ui;T-00000000_G-96a006b0_I-ca8b9aa2.ui;T-00000000_G-96a006b0_I-ca8b9ce7.ui;T-00000000_G-96a006b0_I-ca8b9d40.ui;T-00000000_G-96a006b0_I-ca8cbf0f.ui;T-00000000_G-96a006b0_I-cc097fc0.ui;T-00000000_G-96a006b0_I-cc313f17.ui;T-00000000_G-96a006b0_I-ea5655e4.ui;T-00000000_G-96a006b0_I-ea565970.ui;T-00000000_G-96a006b0_I-ea566a49.ui;T-00000000_G-96a006b0_I-ea89b6c3.ui;T-00000000_G-96a006b0_I-ea8b82db.ui;T-00000000_G-96a006b0_I-ea8cc3c6.ui;T-00000000_G-96a006b0_I-eaaeec1b.ui;T-00000000_G-96a006b0_I-ebd0d36c.ui;T-00000000_G-96a006b0_I-ec096e72.ui,yes,clone+retarget,0x46A006B0,0x470261EA
0x856DDBAC,0x46A006B0,0x144161EE,SHARED,19,13,T-00000000_G-96a006b0_I-0b72f276.ui;T-00000000_G-96a006b0_I-2bc9060f.ui;T-00000000_G-96a006b0_I-ea287193.ui,T-00000000_G-96a006b0_I-0a5cf71d.ui;T-00000000_G-96a006b0_I-0a7df315.ui;T-00000000_G-96a006b0_I-2a41436b.ui;T-00000000_G-96a006b0_I-2a41436c.ui;T-00000000_G-96a006b0_I-8a5ab1cb.ui;T-00000000_G-96a006b0_I-8a5ab1cc.ui;T-00000000_G-96a006b0_I-8a5ab1cd.ui;T-00000000_G-96a006b0_I-8a7e052f.ui;T-00000000_G-96a006b0_I-ca53f06e.ui;T-00000000_G-96a006b0_I-ea89b6c3.ui,yes,clone+retarget,0x46A006B0,0x470261EF
0x856DDBAC,0x46A006B0,0x144161F0,EXCLUSIVE,1,1,T-00000000_G-96a006b0_I-2a2aed99.ui,,yes,2x-in-place,,
0x856DDBAC,0x46A006B0,0x144161F1,UNSCALED,2,2,,T-00000000_G-96a006b0_I-4a5a89d4.ui;T-00000000_G-96a006b0_I-4bbc080f.ui,yes,untouched,,
0x856DDBAC,0x46A006B0,0x144161F2,UNSCALED,2,2,,T-00000000_G-96a006b0_I-0bbc06b6.ui;T-00000000_G-96a006b0_I-4a5a89d5.ui,yes,untouched,,
0x856DDBAC,0x46A006B0,0x144161F3,UNSCALED,2,2,,T-00000000_G-96a006b0_I-4a5a89d4.ui;T-00000000_G-96a006b0_I-4bbc080f.ui,yes,untouched,,
0x856DDBAC,0x46A006B0,0x144161F4,UNSCALED,2,2,,T-00000000_G-96a006b0_I-0bbc06b6.ui;T-00000000_G-96a006b0_I-4a5a89d5.ui,yes,untouched,,
0x856DDBAC,0x46A006B0,0x144161F5,UNSCALED,2,2,,T-00000000_G-96a006b0_I-4a5a89d4.ui;T-00000000_G-96a006b0_I-4bbc080f.ui,yes,untouched,,
0x856DDBAC,0x46A006B0,0x144161F6,UNSCALED,2,2,,T-00000000_G-96a006b0_I-0bbc06b6.ui;T-00000000_G-96a006b0_I-4a5a89d5.ui,yes,untouched,,
0x856DDBAC,0x46A006B0,0x144161F7,EXCLUSIVE,2,2,T-00000000_G-08000600_I-2a2aed99.ui;T-00000000_G-96a006b0_I-2a2aed99.ui,,yes,2x-in-place,,
0x856DDBAC,0x46A006B0,0x144161F8,EXCLUSIVE,4,2,T-00000000_G-08000600_I-2a2aed99.ui;T-00000000_G-96a006b0_I-2a2aed99.ui,,yes,2x-in-place,,
0x856DDBAC,0x46A006B0,0x144161F9,SHARED,88,46,T-00000000_G-08000600_I-2a2aed99.ui;T-00000000_G-96a006b0_I-2a2aed99.ui,T-00000000_G-96a006b0_I-0c1d56e4.ui;T-00000000_G-96a006b0_I-0c1d730b.ui;T-00000000_G-96a006b0_I-0c1d7737.ui;T-00000000_G-96a006b0_I-0c1d7974.ui;T-00000000_G-96a006b0_I-0c1d79ac.ui;T-00000000_G-96a006b0_I-0c1d7b60.ui;T-00000000_G-96a006b0_I-0c1d7e71.ui;T-00000000_G-96a006b0_I-0c1d81fc.ui;T-00000000_G-96a006b0_I-2c02ba84.ui;T-00000000_G-96a006b0_I-2c1d73cb.ui;T-00000000_G-96a006b0_I-2c1d784b.ui;T-00000000_G-96a006b0_I-2c1d8024.ui;T-00000000_G-96a006b0_I-4bf325e8.ui;T-00000000_G-96a006b0_I-4c1a68d2.ui;T-00000000_G-96a006b0_I-4c1d78f7.ui;T-00000000_G-96a006b0_I-4c1d7c0c.ui;T-00000000_G-96a006b0_I-4c1d7c65.ui;T-00000000_G-96a006b0_I-4c1d7d40.ui;T-00000000_G-96a006b0_I-6c1d789a.ui;T-00000000_G-96a006b0_I-6c1d7ac3.ui;T-00000000_G-96a006b0_I-6c1d7f5c.ui;T-00000000_G-96a006b0_I-6c1d8057.ui;T-00000000_G-96a006b0_I-8c1d7423.ui;T-00000000_G-96a006b0_I-8c1d76d5.ui;T-00000000_G-96a006b0_I-8c3bd047.ui;T-00000000_G-96a006b0_I-abfaef15.ui;T-00000000_G-96a006b0_I-ac1d544d.ui;T-00000000_G-96a006b0_I-ac1d7548.ui;T-00000000_G-96a006b0_I-ac1d7a81.ui;T-00000000_G-96a006b0_I-cc1d71d3.ui;T-00000000_G-96a006b0_I-cc1d72a2.ui;T-00000000_G-96a006b0_I-cc1d778b.ui;T-00000000_G-96a006b0_I-cc1d7a1f.ui;T-00000000_G-96a006b0_I-cc1d824f.ui;T-00000000_G-96a006b0_I-cc44f885.ui;T-00000000_G-96a006b0_I-ec1a73ba.ui;T-00000000_G-96a006b0_I-ec1d74d5.ui;T-00000000_G-96a006b0_I-ec1d7599.ui;T-00000000_G-96a006b0_I-ec1d75e2.ui;T-00000000_G-96a006b0_I-ec1d77dd.ui;T-00000000_G-96a006b0_I-ec1d79d7.ui;T-00000000_G-96a006b0_I-ec1d7a56.ui;T-00000000_G-96a006b0_I-ec1d7efe.ui;T-00000000_G-96a006b0_I-ec1d8125.ui,yes,clone+retarget,0x46A006B0,0x470261F8
0x856DDBAC,0x46A006B0,0x144161FA,EXCLUSIVE,1,1,T-00000000_G-08000600_I-2a2aed99.ui,,yes,2x-in-place,,
0x856DDBAC,0x46A006B0,0x1441620E,UNSCALED,3,3,,T-00000000_G-96a006b0_I-2a567dc1.ui;T-00000000_G-96a006b0_I-4a5672bf.ui;T-00000000_G-96a006b0_I-ca56783a.ui,yes,untouched,,
0x856DDBAC,0x46A006B0,0x1441620F,UNSCALED,1,1,,T-00000000_G-96a006b0_I-4c47800e.ui,yes,untouched,,
0x856DDBAC,0x46A006B0,0x14416210,UNSCALED,8,8,,T-00000000_G-96a006b0_I-2a564884.ui;T-00000000_G-96a006b0_I-2a8b7e1c.ui;T-00000000_G-96a006b0_I-4a8b7fe7.ui;T-00000000_G-96a006b0_I-6a555a84.ui;T-00000000_G-96a006b0_I-8a554483.ui;T-00000000_G-96a006b0_I-aa565036.ui;T-00000000_G-96a006b0_I-ca8b8564.ui;T-00000000_G-96a006b0_I-ea8b82db.ui,yes,untouched,,
0x856DDBAC,0x46A006B0,0x14416211,UNSCALED,1,1,,T-00000000_G-96a006b0_I-6a51506f.ui,yes,untouched,,
0x856DDBAC,0x46A006B0,0x14416212,UNSCALED,3,3,,T-00000000_G-96a006b0_I-0a8b819e.ui;T-00000000_G-96a006b0_I-2a554f6d.ui;T-00000000_G-96a006b0_I-aa555346.ui,yes,untouched,,
0x856DDBAC,0x46A006B0,0x14416214,UNSCALED,1,1,,T-00000000_G-96a006b0_I-6a561b3a.ui,yes,untouched,,
0x856DDBAC,0x46A006B0,0x14416215,UNSCALED,2,2,,T-00000000_G-96a006b0_I-4a562da5.ui;T-00000000_G-96a006b0_I-cc313f17.ui,yes,untouched,,
0x856DDBAC,0x46A006B0,0x14416216,UNSCALED,2,2,,T-00000000_G-96a006b0_I-aa554aea.ui;T-00000000_G-96a006b0_I-ca8b8408.ui,yes,untouched,,
0x856DDBAC,0x46A006B0,0x14416217,UNSCALED,3,3,,T-00000000_G-96a006b0_I-2a5621ee.ui;T-00000000_G-96a006b0_I-aa561f93.ui;T-00000000_G-96a006b0_I-aa5bef41.ui,yes,untouched,,
0x856DDBAC,0x46A006B0,0x14416218,UNSCALED,2,2,,T-00000000_G-96a006b0_I-6a562f56.ui;T-00000000_G-96a006b0_I-ea5655e4.ui,yes,untouched,,
0x856DDBAC,0x46A006B0,0x14416219,UNSCALED,2,2,,T-00000000_G-96a006b0_I-8a948d49.ui;T-00000000_G-96a006b0_I-ea565970.ui,yes,untouched,,
0x856DDBAC,0x46A006B0,0x1441621A,UNSCALED,2,2,,T-00000000_G-96a006b0_I-6a566151.ui;T-00000000_G-96a006b0_I-ac3b72f6.ui,yes,untouched,,
0x856DDBAC,0x46A006B0,0x1441621B,UNSCALED,1,1,,T-00000000_G-96a006b0_I-4a565d13.ui,yes,untouched,,
0x856DDBAC,0x46A006B0,0x1441621C,UNSCALED,1,1,,T-00000000_G-96a006b0_I-aa5661eb.ui,yes,untouched,,
0x856DDBAC,0x46A006B0,0x14416220,UNSCALED,16,8,,T-00000000_G-96a006b0_I-2a5e7490.ui;T-00000000_G-96a006b0_I-4a566c14.ui;T-00000000_G-96a006b0_I-4a566d6e.ui;T-00000000_G-96a006b0_I-4a5e7ed3.ui;T-00000000_G-96a006b0_I-8a5e7bd2.ui;T-00000000_G-96a006b0_I-aa5e14cc.ui;T-00000000_G-96a006b0_I-ca566f94.ui;T-00000000_G-96a006b0_I-ea566a49.ui,yes,untouched,,
0x856DDBAC,0x46A006B0,0x14416221,UNSCALED,12,6,,T-00000000_G-96a006b0_I-2a564884.ui;T-00000000_G-96a006b0_I-2a56675c.ui;T-00000000_G-96a006b0_I-6a555a84.ui;T-00000000_G-96a006b0_I-8a554483.ui;T-00000000_G-96a006b0_I-aa554aea.ui;T-00000000_G-96a006b0_I-aa565036.ui,yes,untouched,,
0x856DDBAC,0x46A006B0,0x14416222,UNSCALED,2,1,,T-00000000_G-96a006b0_I-ca56783a.ui,yes,untouched,,
0x856DDBAC,0x46A006B0,0x14416223,UNSCALED,2,1,,T-00000000_G-96a006b0_I-6a51506f.ui,yes,untouched,,
0x856DDBAC,0x46A006B0,0x14416225,UNSCALED,74,37,,T-00000000_G-96a006b0_I-0a8b819e.ui;T-00000000_G-96a006b0_I-0a8b98fe.ui;T-00000000_G-96a006b0_I-0a8b9a67.ui;T-00000000_G-96a006b0_I-0a8b9c43.ui;T-00000000_G-96a006b0_I-0a8b9c6a.ui;T-00000000_G-96a006b0_I-2a8b7e1c.ui;T-00000000_G-96a006b0_I-2a8b97c1.ui;T-00000000_G-96a006b0_I-2a8b99d0.ui;T-00000000_G-96a006b0_I-2a8b9df2.ui;T-00000000_G-96a006b0_I-2c096de6.ui;T-00000000_G-96a006b0_I-4a8b7fe7.ui;T-00000000_G-96a006b0_I-4a8b9396.ui;T-00000000_G-96a006b0_I-4a8b9936.ui;T-00000000_G-96a006b0_I-4a8b9c92.ui;T-00000000_G-96a006b0_I-4a8b9dab.ui;T-00000000_G-96a006b0_I-4c0969e2.ui;T-00000000_G-96a006b0_I-6a8b9875.ui;T-00000000_G-96a006b0_I-6a8b9acc.ui;T-00000000_G-96a006b0_I-6a8b9af3.ui;T-00000000_G-96a006b0_I-8a8b95b0.ui;T-00000000_G-96a006b0_I-8a8b9811.ui;T-00000000_G-96a006b0_I-8a8b98a7.ui;T-00000000_G-96a006b0_I-8a8b9d12.ui;T-00000000_G-96a006b0_I-aa8b9755.ui;T-00000000_G-96a006b0_I-aa8b9971.ui;T-00000000_G-96a006b0_I-aa8b999e.ui;T-00000000_G-96a006b0_I-ac096ac7.ui;T-00000000_G-96a006b0_I-ca8b8408.ui;T-00000000_G-96a006b0_I-ca8b8564.ui;T-00000000_G-96a006b0_I-ca8b96c2.ui;T-00000000_G-96a006b0_I-ca8b9845.ui;T-00000000_G-96a006b0_I-ca8b9aa2.ui;T-00000000_G-96a006b0_I-ca8b9ce7.ui;T-00000000_G-96a006b0_I-ca8b9d40.ui;T-00000000_G-96a006b0_I-cc097fc0.ui;T-00000000_G-96a006b0_I-ea8b82db.ui;T-00000000_G-96a006b0_I-ec096e72.ui,yes,untouched,,
0x856DDBAC,0x46A006B0,0x14416226,UNSCALED,2,1,,T-00000000_G-96a006b0_I-2a567dc1.ui,yes,untouched,,
0x856DDBAC,0x46A006B0,0x14416227,UNSCALED,4,2,,T-00000000_G-96a006b0_I-2a554f6d.ui;T-00000000_G-96a006b0_I-aa555346.ui,yes,untouched,,
0x856DDBAC,0x46A006B0,0x14416228,UNSCALED,2,1,,T-00000000_G-96a006b0_I-4a5672bf.ui,yes,untouched,,
0x856DDBAC,0x46A006B0,0x14416229,UNSCALED,20,10,,T-00000000_G-96a006b0_I-4a562da5.ui;T-00000000_G-96a006b0_I-4a565d13.ui;T-00000000_G-96a006b0_I-4a5665eb.ui;T-00000000_G-96a006b0_I-4c47800e.ui;T-00000000_G-96a006b0_I-6a561b3a.ui;T-00000000_G-96a006b0_I-6a566151.ui;T-00000000_G-96a006b0_I-aa565f5b.ui;T-00000000_G-96a006b0_I-aa5661eb.ui;T-00000000_G-96a006b0_I-ac3b72f6.ui;T-00000000_G-96a006b0_I-cc313f17.ui,yes,untouched,,
0x856DDBAC,0x46A006B0,0x1441622A,UNSCALED,12,6,,T-00000000_G-96a006b0_I-2a5621ee.ui;T-00000000_G-96a006b0_I-6a562f56.ui;T-00000000_G-96a006b0_I-8a948d49.ui;T-00000000_G-96a006b0_I-aa5bef41.ui;T-00000000_G-96a006b0_I-ea5655e4.ui;T-00000000_G-96a006b0_I-ea565970.ui,yes,untouched,,
0x856DDBAC,0x46A006B0,0x1441622C,UNSCALED,1,1,,T-00000000_G-96a006b0_I-4a5672bf.ui,yes,untouched,,
0x856DDBAC,0x46A006B0,0x14416230,UNSCALED,1,1,,T-00000000_G-96a006b0_I-0a41be3e.ui,yes,untouched,,
0x856DDBAC,0x46A006B0,0x14416231,UNSCALED,2,1,,T-00000000_G-96a006b0_I-ca539343.ui,yes,untouched,,
0x856DDBAC,0x46A006B0,0x14416232,UNSCALED,1,1,,T-00000000_G-96a006b0_I-0a41be3f.ui,yes,untouched,,
0x856DDBAC,0x46A006B0,0x14416240,UNSCALED,7,5,,T-00000000_G-96a006b0_I-0a4d0c43.ui;T-00000000_G-96a006b0_I-4a89b3f2.ui;T-00000000_G-96a006b0_I-6a5e73c0.ui;T-00000000_G-96a006b0_I-8a4d0a17.ui;T-00000000_G-96a006b0_I-ca4d0b22.ui,yes,untouched,,
0x856DDBAC,0x46A006B0,0x14416241,EXCLUSIVE,30,15,T-00000000_G-08000600_I-2a2aed99.ui;T-00000000_G-08000600_I-2bc90671.ui;T-00000000_G-08000600_I-aa1f1f57.ui;T-00000000_G-96a006b0_I-0b72f276.ui;T-00000000_G-96a006b0_I-2a2aed99.ui;T-00000000_G-96a006b0_I-2bc9060f.ui;T-00000000_G-96a006b0_I-4a160034.ui;T-00000000_G-96a006b0_I-6bc61f19.ui;T-00000000_G-96a006b0_I-6bc9065a.ui;T-00000000_G-96a006b0_I-aa1f1f57.ui;T-00000000_G-96a006b0_I-aa3acdfe.ui;T-00000000_G-96a006b0_I-cbc3c2b9.ui;T-00000000_G-96a006b0_I-cbc905cd.ui;T-00000000_G-96a006b0_I-ea287193.ui;T-00000000_G-96a006b0_I-ea2871aa.ui,,yes,2x-in-place,,
0x856DDBAC,0x46A006B0,0x14416242,EXCLUSIVE,105,4,T-00000000_G-96a006b0_I-0b72f276.ui;T-00000000_G-96a006b0_I-2bc9060f.ui;T-00000000_G-96a006b0_I-ea287193.ui;T-00000000_G-96a006b0_I-ea2871aa.ui,,yes,2x-in-place,,
0x856DDBAC,0x46A006B0,0x14416243,UNSCALED,1,1,,T-00000000_G-96a006b0_I-2a41436b.ui,yes,untouched,,
0x856DDBAC,0x46A006B0,0x14416245,SHARED,21,7,T-00000000_G-96a006b0_I-abb0120f.ui,T-00000000_G-96a006b0_I-2a567dc1.ui;T-00000000_G-96a006b0_I-4a5672bf.ui;T-00000000_G-96a006b0_I-8a4d0a17.ui;T-00000000_G-96a006b0_I-8a7e052f.ui;T-00000000_G-96a006b0_I-ca53f06e.ui;T-00000000_G-96a006b0_I-ca56783a.ui,yes,clone+retarget,0x46A006B0,0x47026244
0x856DDBAC,0x46A006B0,0x14416264,SHARED,8,4,T-00000000_G-96a006b0_I-0b72f276.ui;T-00000000_G-96a006b0_I-2bc9060f.ui;T-00000000_G-96a006b0_I-ea287193.ui,T-00000000_G-96a006b0_I-ca53f06e.ui,yes,clone+retarget,0x46A006B0,0x47026265
0x856DDBAC,0x46A006B0,0x14416280,UNSCALED,1,1,,T-00000000_G-96a006b0_I-0a2dd355.ui,yes,untouched,,
0x856DDBAC,0x46A006B0,0x14416300,EXCLUSIVE,4,1,T-00000000_G-96a006b0_I-aa920991.ui,,yes,2x-in-place,,
0x856DDBAC,0x46A006B0,0x14416301,EXCLUSIVE,1,1,T-00000000_G-96a006b0_I-aa920991.ui,,yes,2x-in-place,,
0x856DDBAC,0x46A006B0,0x14416302,EXCLUSIVE,1,1,T-00000000_G-96a006b0_I-aa920991.ui,,yes,2x-in-place,,
0x856DDBAC,0x46A006B0,0x14416303,EXCLUSIVE,1,1,T-00000000_G-96a006b0_I-aa920991.ui,,yes,2x-in-place,,
0x856DDBAC,0x46A006B0,0x14416304,EXCLUSIVE,1,1,T-00000000_G-96a006b0_I-aa920991.ui,,yes,2x-in-place,,
0x856DDBAC,0x46A006B0,0x14416307,EXCLUSIVE,2,1,T-00000000_G-96a006b0_I-aa920991.ui,,yes,2x-in-place,,
0x856DDBAC,0x46A006B0,0x1441630D,EXCLUSIVE,1,1,T-00000000_G-96a006b0_I-aa920991.ui,,yes,2x-in-place,,
0x856DDBAC,0x46A006B0,0x1441630F,EXCLUSIVE,1,1,T-00000000_G-96a006b0_I-aa920991.ui,,yes,2x-in-place,,
0x856DDBAC,0x46A006B0,0x14416312,EXCLUSIVE,1,1,T-00000000_G-96a006b0_I-aa920991.ui,,yes,2x-in-place,,
0x856DDBAC,0x46A006B0,0x14416313,EXCLUSIVE,1,1,T-00000000_G-96a006b0_I-aa920991.ui,,yes,2x-in-place,,
0x856DDBAC,0x46A006B0,0x14416314,EXCLUSIVE,1,1,T-00000000_G-96a006b0_I-aa920991.ui,,yes,2x-in-place,,
0x856DDBAC,0x46A006B0,0x14416315,EXCLUSIVE,2,1,T-00000000_G-96a006b0_I-aa920991.ui,,yes,2x-in-place,,
0x856DDBAC,0x46A006B0,0x14416316,EXCLUSIVE,10,3,T-00000000_G-96a006b0_I-aa3acdfe.ui;T-00000000_G-96a006b0_I-aa920991.ui;T-00000000_G-96a006b0_I-cbc3c2b9.ui,,yes,2x-in-place,,
0x856DDBAC,0x46A006B0,0x14416317,EXCLUSIVE,1,1,T-00000000_G-96a006b0_I-aa920991.ui,,yes,2x-in-place,,
0x856DDBAC,0x46A006B0,0x14416318,EXCLUSIVE,1,1,T-00000000_G-96a006b0_I-aa920991.ui,,yes,2x-in-place,,
0x856DDBAC,0x46A006B0,0x14416319,EXCLUSIVE,1,1,T-00000000_G-96a006b0_I-aa920991.ui,,yes,2x-in-place,,
0x856DDBAC,0x46A006B0,0x1441631A,EXCLUSIVE,1,1,T-00000000_G-96a006b0_I-aa920991.ui,,yes,2x-in-place,,
0x856DDBAC,0x46A006B0,0x1441631B,EXCLUSIVE,1,1,T-00000000_G-96a006b0_I-aa920991.ui,,yes,2x-in-place,,
0x856DDBAC,0x46A006B0,0x14416321,UNSCALED,3,1,,T-00000000_G-96a006b0_I-0a8cd184.ui,yes,untouched,,
0x856DDBAC,0x46A006B0,0x14416322,UNSCALED,3,1,,T-00000000_G-96a006b0_I-ca539340.ui,yes,untouched,,
0x856DDBAC,0x46A006B0,0x14416323,UNSCALED,1,1,,T-00000000_G-96a006b0_I-ca539340.ui,yes,untouched,,
0x856DDBAC,0x46A006B0,0x14416324,UNSCALED,2,2,,T-00000000_G-96a006b0_I-0a8cd184.ui;T-00000000_G-96a006b0_I-ca539340.ui,yes,untouched,,
0x856DDBAC,0x46A006B0,0x14416325,UNSCALED,2,2,,T-00000000_G-96a006b0_I-0a8cd184.ui;T-00000000_G-96a006b0_I-ca539340.ui,yes,untouched,,
0x856DDBAC,0x46A006B0,0x14416326,UNSCALED,2,2,,T-00000000_G-96a006b0_I-0a8cd184.ui;T-00000000_G-96a006b0_I-ca539340.ui,yes,untouched,,
0x856DDBAC,0x46A006B0,0x23F15240,EXCLUSIVE,1,1,T-00000000_G-08000600_I-aa1f1f57.ui,,yes,2x-in-place,,
0x856DDBAC,0x46A006B0,0x23F15241,EXCLUSIVE,1,1,T-00000000_G-08000600_I-aa1f1f57.ui,,yes,2x-in-place,,
0x856DDBAC,0x46A006B0,0x23F15246,EXCLUSIVE,7,1,T-00000000_G-08000600_I-aa1f1f57.ui,,yes,2x-in-place,,
0x856DDBAC,0x46A006B0,0x23F15259,EXCLUSIVE,2,1,T-00000000_G-08000600_I-aa1f1f57.ui,,yes,2x-in-place,,
0x856DDBAC,0x46A006B0,0x23F15260,EXCLUSIVE,2,1,T-00000000_G-08000600_I-aa1f1f57.ui,,yes,2x-in-place,,
0x856DDBAC,0x46A006B0,0x23F15261,EXCLUSIVE,1,1,T-00000000_G-08000600_I-aa1f1f57.ui,,yes,2x-in-place,,
0x856DDBAC,0x46A006B0,0x23F15262,EXCLUSIVE,1,1,T-00000000_G-08000600_I-aa1f1f57.ui,,yes,2x-in-place,,
0x856DDBAC,0x46A006B0,0x2B70529B,EXCLUSIVE,1,1,T-00000000_G-96a006b0_I-cb95403e.ui,,yes,2x-in-place,,
0x856DDBAC,0x46A006B0,0x2B8C65AC,EXCLUSIVE,1,1,T-00000000_G-96a006b0_I-abb0120f.ui,,yes,2x-in-place,,
0x856DDBAC,0x46A006B0,0x2BBEB1AF,EXCLUSIVE,1,1,T-00000000_G-96a006b0_I-4bc906b5.ui,,yes,2x-in-place,,
0x856DDBAC,0x46A006B0,0x2BC1198A,EXCLUSIVE,2,2,T-00000000_G-08000600_I-aa1f1f57.ui;T-00000000_G-96a006b0_I-aa1f1f57.ui,,yes,2x-in-place,,
0x856DDBAC,0x46A006B0,0x2BC3AC85,UNSCALED,1,1,,T-00000000_G-96a006b0_I-2bb16d50.ui,yes,untouched,,
0x856DDBAC,0x46A006B0,0x2BEB4BBB,EXCLUSIVE,80,21,T-00000000_G-96a006b0_I-0bec56c1.ui;T-00000000_G-96a006b0_I-0bec56c2.ui;T-00000000_G-96a006b0_I-0c15687f.ui;T-00000000_G-96a006b0_I-0c156cdd.ui;T-00000000_G-96a006b0_I-2c0706f8.ui;T-00000000_G-96a006b0_I-4c05bd49.ui;T-00000000_G-96a006b0_I-4c156847.ui;T-00000000_G-96a006b0_I-6be9ff14.ui;T-00000000_G-96a006b0_I-6be9ff15.ui;T-00000000_G-96a006b0_I-6be9ff16.ui;T-00000000_G-96a006b0_I-6c07071f.ui;T-00000000_G-96a006b0_I-8c0eadce.ui;T-00000000_G-96a006b0_I-ac156804.ui;T-00000000_G-96a006b0_I-cc070735.ui;T-00000000_G-96a006b0_I-cc0c43f8.ui;T-00000000_G-96a006b0_I-cc156762.ui;T-00000000_G-96a006b0_I-cc156828.ui;T-00000000_G-96a006b0_I-ec07070b.ui;T-00000000_G-96a006b0_I-ec072a41.ui;T-00000000_G-96a006b0_I-ec156864.ui;T-00000000_G-96a006b0_I-ec156cfc.ui,,yes,2x-in-place,,
0x856DDBAC,0x46A006B0,0x2BEC54A3,EXCLUSIVE,2,2,T-00000000_G-96a006b0_I-0bec56c1.ui;T-00000000_G-96a006b0_I-0bec56c2.ui,,yes,2x-in-place,,
0x856DDBAC,0x46A006B0,0x2BEC54A4,EXCLUSIVE,2,2,T-00000000_G-96a006b0_I-0bec56c1.ui;T-00000000_G-96a006b0_I-0bec56c2.ui,,yes,2x-in-place,,
0x856DDBAC,0x46A006B0,0x2BEC54A5,EXCLUSIVE,2,2,T-00000000_G-96a006b0_I-0bec56c1.ui;T-00000000_G-96a006b0_I-0bec56c2.ui,,yes,2x-in-place,,
0x856DDBAC,0x46A006B0,0x2BEC99B1,EXCLUSIVE,80,21,T-00000000_G-96a006b0_I-0bec56c1.ui;T-00000000_G-96a006b0_I-0bec56c2.ui;T-00000000_G-96a006b0_I-0c15687f.ui;T-00000000_G-96a006b0_I-0c156cdd.ui;T-00000000_G-96a006b0_I-2c0706f8.ui;T-00000000_G-96a006b0_I-4c05bd49.ui;T-00000000_G-96a006b0_I-4c156847.ui;T-00000000_G-96a006b0_I-6be9ff14.ui;T-00000000_G-96a006b0_I-6be9ff15.ui;T-00000000_G-96a006b0_I-6be9ff16.ui;T-00000000_G-96a006b0_I-6c07071f.ui;T-00000000_G-96a006b0_I-8c0eadce.ui;T-00000000_G-96a006b0_I-ac156804.ui;T-00000000_G-96a006b0_I-cc070735.ui;T-00000000_G-96a006b0_I-cc0c43f8.ui;T-00000000_G-96a006b0_I-cc156762.ui;T-00000000_G-96a006b0_I-cc156828.ui;T-00000000_G-96a006b0_I-ec07070b.ui;T-00000000_G-96a006b0_I-ec072a41.ui;T-00000000_G-96a006b0_I-ec156864.ui;T-00000000_G-96a006b0_I-ec156cfc.ui,,yes,2x-in-place,,
0x856DDBAC,0x46A006B0,0x2BEC99B2,EXCLUSIVE,2,2,T-00000000_G-96a006b0_I-0bec56c1.ui;T-00000000_G-96a006b0_I-0bec56c2.ui,,yes,2x-in-place,,
0x856DDBAC,0x46A006B0,0x2BEC99B3,EXCLUSIVE,20,10,T-00000000_G-96a006b0_I-0c05bcf0.ui;T-00000000_G-96a006b0_I-2bf1d6c0.ui;T-00000000_G-96a006b0_I-6c44f858.ui;T-00000000_G-96a006b0_I-8bf1d5b5.ui;T-00000000_G-96a006b0_I-abe8d4f2.ui;T-00000000_G-96a006b0_I-abe8d4f3.ui;T-00000000_G-96a006b0_I-abe8d4f5.ui;T-00000000_G-96a006b0_I-abe8d4f6.ui;T-00000000_G-96a006b0_I-ebe990dc.ui;T-00000000_G-96a006b0_I-ec05bccf.ui,,yes,2x-in-place,,
0x856DDBAC,0x46A006B0,0x2BF4822C,UNSCALED,2,2,,T-00000000_G-96a006b0_I-0bfac164.ui;T-00000000_G-96a006b0_I-abfac197.ui,yes,untouched,,
0x856DDBAC,0x46A006B0,0x2BF4822D,UNSCALED,2,2,,T-00000000_G-96a006b0_I-0bfac164.ui;T-00000000_G-96a006b0_I-abfac197.ui,yes,untouched,,
0x856DDBAC,0x46A006B0,0x2C201CB0,UNSCALED,1,1,,T-00000000_G-96a006b0_I-4bf325e8.ui,yes,untouched,,
0x856DDBAC,0x46A006B0,0x2C201CB1,UNSCALED,1,1,,T-00000000_G-96a006b0_I-4bf325e8.ui,yes,untouched,,
0x856DDBAC,0x46A006B0,0x2C201CB2,UNSCALED,1,1,,T-00000000_G-96a006b0_I-4bf325e8.ui,yes,untouched,,
0x856DDBAC,0x46A006B0,0x46A006A4,UNSCALED,1,1,,T-00000000_G-96a006b0_I-aa5e60d1.ui,yes,untouched,,
0x856DDBAC,0x46A006B0,0x46A006A6,UNSCALED,1,1,,T-00000000_G-96a006b0_I-ebd0d36c.ui,yes,untouched,,
0x856DDBAC,0x46A006B0,0x46A006A7,SHARED,20,17,T-00000000_G-96a006b0_I-6bc9065a.ui;T-00000000_G-96a006b0_I-ea2871aa.ui,T-00000000_G-96a006b0_I-2a554f6d.ui;T-00000000_G-96a006b0_I-2a564884.ui;T-00000000_G-96a006b0_I-2a8b7e1c.ui;T-00000000_G-96a006b0_I-4a8b7fe7.ui;T-00000000_G-96a006b0_I-6a51506f.ui;T-00000000_G-96a006b0_I-6a555a84.ui;T-00000000_G-96a006b0_I-6a562f56.ui;T-00000000_G-96a006b0_I-8a554483.ui;T-00000000_G-96a006b0_I-aa554aea.ui;T-00000000_G-96a006b0_I-aa565036.ui;T-00000000_G-96a006b0_I-ca53f06e.ui;T-00000000_G-96a006b0_I-ca8b8408.ui;T-00000000_G-96a006b0_I-ea5655e4.ui;T-00000000_G-96a006b0_I-ea8b82db.ui;T-00000000_G-96a006b0_I-ebd0d36c.ui,yes,clone+retarget,0x46A006B0,0x15E306A6
0x856DDBAC,0x46A006B0,0x4B8C65FB,EXCLUSIVE,1,1,T-00000000_G-96a006b0_I-abb0120f.ui,,yes,2x-in-place,,
0x856DDBAC,0x46A006B0,0x4B8DA4A4,EXCLUSIVE,2,2,T-00000000_G-08000600_I-c973b411.ui;T-00000000_G-96a006b0_I-c973b411.ui,,yes,2x-in-place,,
0x856DDBAC,0x46A006B0,0x4B9EBA86,EXCLUSIVE,1,1,T-00000000_G-96a006b0_I-899302fc.ui,,yes,2x-in-place,,
0x856DDBAC,0x46A006B0,0x4BBE9C7D,EXCLUSIVE,1,1,T-00000000_G-96a006b0_I-2bc90671.ui,,yes,2x-in-place,,
0x856DDBAC,0x46A006B0,0x4BC3A5AE,UNSCALED,3,1,,T-00000000_G-96a006b0_I-2bb16d50.ui,yes,untouched,,
0x856DDBAC,0x46A006B0,0x4BE99DC8,EXCLUSIVE,43,43,T-00000000_G-96a006b0_I-0bec56c1.ui;T-00000000_G-96a006b0_I-0bec56c2.ui;T-00000000_G-96a006b0_I-0c05bcf0.ui;T-00000000_G-96a006b0_I-0c0734e6.ui;T-00000000_G-96a006b0_I-0c15687f.ui;T-00000000_G-96a006b0_I-0c156cdd.ui;T-00000000_G-96a006b0_I-2bf1d6c0.ui;T-00000000_G-96a006b0_I-2bf1d8ce.ui;T-00000000_G-96a006b0_I-2c0706f8.ui;T-00000000_G-96a006b0_I-4bcbb842.ui;T-00000000_G-96a006b0_I-4c05bd49.ui;T-00000000_G-96a006b0_I-4c156847.ui;T-00000000_G-96a006b0_I-4c3bd022.ui;T-00000000_G-96a006b0_I-6be9ff14.ui;T-00000000_G-96a006b0_I-6be9ff15.ui;T-00000000_G-96a006b0_I-6be9ff16.ui;T-00000000_G-96a006b0_I-6c07071f.ui;T-00000000_G-96a006b0_I-6c44f858.ui;T-00000000_G-96a006b0_I-8bf1d5b5.ui;T-00000000_G-96a006b0_I-8c0eaa1b.ui;T-00000000_G-96a006b0_I-8c0eadce.ui;T-00000000_G-96a006b0_I-abcb937d.ui;T-00000000_G-96a006b0_I-abe8d4f1.ui;T-00000000_G-96a006b0_I-abe8d4f2.ui;T-00000000_G-96a006b0_I-abe8d4f3.ui;T-00000000_G-96a006b0_I-abe8d4f4.ui;T-00000000_G-96a006b0_I-abe8d4f5.ui;T-00000000_G-96a006b0_I-abe8d4f6.ui;T-00000000_G-96a006b0_I-ac156804.ui;T-00000000_G-96a006b0_I-cbf1db54.ui;T-00000000_G-96a006b0_I-cbf1db55.ui;T-00000000_G-96a006b0_I-cbf1db56.ui;T-00000000_G-96a006b0_I-cc070735.ui;T-00000000_G-96a006b0_I-cc0c43f8.ui;T-00000000_G-96a006b0_I-cc156762.ui;T-00000000_G-96a006b0_I-cc156828.ui;T-00000000_G-96a006b0_I-cc1bdf3e.ui;T-00000000_G-96a006b0_I-ebe990dc.ui;T-00000000_G-96a006b0_I-ec05bccf.ui;T-00000000_G-96a006b0_I-ec07070b.ui;T-00000000_G-96a006b0_I-ec072a41.ui;T-00000000_G-96a006b0_I-ec156864.ui;T-00000000_G-96a006b0_I-ec156cfc.ui,,yes,2x-in-place,,
0x856DDBAC,0x46A006B0,0x4BEC5679,EXCLUSIVE,1,1,T-00000000_G-96a006b0_I-0bec56c1.ui,,yes,2x-in-place,,
0x856DDBAC,0x46A006B0,0x4BEC5680,EXCLUSIVE,1,1,T-00000000_G-96a006b0_I-0bec56c2.ui,,yes,2x-in-place,,
0x856DDBAC,0x46A006B0,0x4BF35797,EXCLUSIVE,1,1,T-00000000_G-08000600_I-2bc90671.ui,,yes,2x-in-place,,
0x856DDBAC,0x46A006B0,0x4BFC52C2,UNSCALED,42,2,,T-00000000_G-96a006b0_I-4bf325e8.ui;T-00000000_G-96a006b0_I-abfaef15.ui,yes,untouched,,
0x856DDBAC,0x46A006B0,0x4C02B518,UNSCALED,1,1,,T-00000000_G-96a006b0_I-2c02ba84.ui,yes,untouched,,
0x856DDBAC,0x46A006B0,0x4C05BC6C,EXCLUSIVE,1,1,T-00000000_G-96a006b0_I-ec05bccf.ui,,yes,2x-in-place,,
0x856DDBAC,0x46A006B0,0x4C05BC6D,EXCLUSIVE,2,2,T-00000000_G-96a006b0_I-4c05bd49.ui;T-00000000_G-96a006b0_I-cc0c43f8.ui,,yes,2x-in-place,,
0x856DDBAC,0x46A006B0,0x4C05BC6E,EXCLUSIVE,1,1,T-00000000_G-96a006b0_I-0c05bcf0.ui,,yes,2x-in-place,,
0x856DDBAC,0x46A006B0,0x4C0F0D31,UNSCALED,1,1,,T-00000000_G-96a006b0_I-2c02ba84.ui,yes,untouched,,
0x856DDBAC,0x46A006B0,0x53244588,EXCLUSIVE,48,46,T-00000000_G-96a006b0_I-0bec56c1.ui;T-00000000_G-96a006b0_I-0bec56c2.ui;T-00000000_G-96a006b0_I-0c05bcf0.ui;T-00000000_G-96a006b0_I-0c0734e6.ui;T-00000000_G-96a006b0_I-0c15687f.ui;T-00000000_G-96a006b0_I-0c156cdd.ui;T-00000000_G-96a006b0_I-2bf1d6c0.ui;T-00000000_G-96a006b0_I-2bf1d8ce.ui;T-00000000_G-96a006b0_I-2c0706f8.ui;T-00000000_G-96a006b0_I-4bcbb842.ui;T-00000000_G-96a006b0_I-4c05bd49.ui;T-00000000_G-96a006b0_I-4c156847.ui;T-00000000_G-96a006b0_I-4c3bd022.ui;T-00000000_G-96a006b0_I-6be9ff14.ui;T-00000000_G-96a006b0_I-6be9ff15.ui;T-00000000_G-96a006b0_I-6be9ff16.ui;T-00000000_G-96a006b0_I-6c07071f.ui;T-00000000_G-96a006b0_I-6c44f858.ui;T-00000000_G-96a006b0_I-8bf1d5b5.ui;T-00000000_G-96a006b0_I-8c0eaa1b.ui;T-00000000_G-96a006b0_I-8c0eadce.ui;T-00000000_G-96a006b0_I-8c1a5c9f.ui;T-00000000_G-96a006b0_I-abb0120f.ui;T-00000000_G-96a006b0_I-abc0ed33.ui;T-00000000_G-96a006b0_I-abcb937d.ui;T-00000000_G-96a006b0_I-abe8d4f1.ui;T-00000000_G-96a006b0_I-abe8d4f2.ui;T-00000000_G-96a006b0_I-abe8d4f3.ui;T-00000000_G-96a006b0_I-abe8d4f4.ui;T-00000000_G-96a006b0_I-abe8d4f5.ui;T-00000000_G-96a006b0_I-abe8d4f6.ui;T-00000000_G-96a006b0_I-ac156804.ui;T-00000000_G-96a006b0_I-cbf1db54.ui;T-00000000_G-96a006b0_I-cbf1db55.ui;T-00000000_G-96a006b0_I-cbf1db56.ui;T-00000000_G-96a006b0_I-cc070735.ui;T-00000000_G-96a006b0_I-cc0c43f8.ui;T-00000000_G-96a006b0_I-cc156762.ui;T-00000000_G-96a006b0_I-cc156828.ui;T-00000000_G-96a006b0_I-cc1bdf3e.ui;T-00000000_G-96a006b0_I-ebe990dc.ui;T-00000000_G-96a006b0_I-ec05bccf.ui;T-00000000_G-96a006b0_I-ec07070b.ui;T-00000000_G-96a006b0_I-ec072a41.ui;T-00000000_G-96a006b0_I-ec156864.ui;T-00000000_G-96a006b0_I-ec156cfc.ui,,yes,2x-in-place,,
0x856DDBAC,0x46A006B0,0x6B998F30,UNSCALED,2,2,,T-00000000_G-96a006b0_I-4bf325e8.ui;T-00000000_G-96a006b0_I-abfaef15.ui,no,untouched,,
0x856DDBAC,0x46A006B0,0x6BB93CB5,EXCLUSIVE,1,1,T-00000000_G-96a006b0_I-abb0120f.ui,,yes,2x-in-place,,
0x856DDBAC,0x46A006B0,0x6BBE7795,EXCLUSIVE,1,1,T-00000000_G-96a006b0_I-abc0ed33.ui,,yes,2x-in-place,,
0x856DDBAC,0x46A006B0,0x6BE8C84B,EXCLUSIVE,1,1,T-00000000_G-96a006b0_I-abe8d4f5.ui,,yes,2x-in-place,,
0x856DDBAC,0x46A006B0,0x6BE8C84D,EXCLUSIVE,1,1,T-00000000_G-96a006b0_I-ebe990dc.ui,,yes,2x-in-place,,
0x856DDBAC,0x46A006B0,0x6BE8C84E,EXCLUSIVE,1,1,T-00000000_G-96a006b0_I-abe8d4f4.ui,,yes,2x-in-place,,
0x856DDBAC,0x46A006B0,0x6BE8C84F,EXCLUSIVE,3,3,T-00000000_G-96a006b0_I-2bf1d8ce.ui;T-00000000_G-96a006b0_I-4c3bd022.ui;T-00000000_G-96a006b0_I-abe8d4f1.ui,,yes,2x-in-place,,
0x856DDBAC,0x46A006B0,0x6BE8C850,EXCLUSIVE,2,2,T-00000000_G-96a006b0_I-6c44f858.ui;T-00000000_G-96a006b0_I-abe8d4f3.ui,,yes,2x-in-place,,
0x856DDBAC,0x46A006B0,0x6BE8C851,EXCLUSIVE,1,1,T-00000000_G-96a006b0_I-abe8d4f6.ui,,yes,2x-in-place,,
0x856DDBAC,0x46A006B0,0x6BF183F0,EXCLUSIVE,1,1,T-00000000_G-96a006b0_I-cbf1db55.ui,,yes,2x-in-place,,
0x856DDBAC,0x46A006B0,0x6BF183F1,EXCLUSIVE,2,2,T-00000000_G-96a006b0_I-cbf1db56.ui;T-00000000_G-96a006b0_I-cc1bdf3e.ui,,yes,2x-in-place,,
0x856DDBAC,0x46A006B0,0x6BF183F2,EXCLUSIVE,1,1,T-00000000_G-96a006b0_I-cbf1db54.ui,,yes,2x-in-place,,
0x856DDBAC,0x46A006B0,0x6BF183F3,EXCLUSIVE,1,1,T-00000000_G-96a006b0_I-8bf1d5b5.ui,,yes,2x-in-place,,
0x856DDBAC,0x46A006B0,0x6BF183FC,EXCLUSIVE,1,1,T-00000000_G-96a006b0_I-2bf1d6c0.ui,,yes,2x-in-place,,
0x856DDBAC,0x46A006B0,0x6BF183FD,EXCLUSIVE,1,1,T-00000000_G-96a006b0_I-abcb937d.ui,,yes,2x-in-place,,
0x856DDBAC,0x46A006B0,0x6BF183FE,EXCLUSIVE,1,1,T-00000000_G-96a006b0_I-ec072a41.ui,,yes,2x-in-place,,
0x856DDBAC,0x46A006B0,0x6BF47DBF,UNSCALED,3,1,,T-00000000_G-96a006b0_I-abfac197.ui,yes,untouched,,
0x856DDBAC,0x46A006B0,0x6BF47EA2,EXCLUSIVE,1,1,T-00000000_G-08000600_I-2bc90671.ui,,yes,2x-in-place,,
0x856DDBAC,0x46A006B0,0x6BFB1B69,EXCLUSIVE,1,1,T-00000000_G-96a006b0_I-899302fc.ui,,yes,2x-in-place,,
0x856DDBAC,0x46A006B0,0x6BFB1B70,EXCLUSIVE,1,1,T-00000000_G-96a006b0_I-899302fc.ui,,yes,2x-in-place,,
0x856DDBAC,0x46A006B0,0x82B99D9D,EXCLUSIVE,24,3,T-00000000_G-96a006b0_I-6bc61f19.ui;T-00000000_G-96a006b0_I-aa3acdfe.ui;T-00000000_G-96a006b0_I-cbc3c2b9.ui,,yes,2x-in-place,,
0x856DDBAC,0x46A006B0,0x8B7866F1,EXCLUSIVE,2,2,T-00000000_G-08000600_I-aa1f1f57.ui;T-00000000_G-96a006b0_I-aa1f1f57.ui,,yes,2x-in-place,,
0x856DDBAC,0x46A006B0,0x8BB230D4,EXCLUSIVE,2,2,T-00000000_G-08000600_I-aa1f1f57.ui;T-00000000_G-96a006b0_I-aa1f1f57.ui,,yes,2x-in-place,,
0x856DDBAC,0x46A006B0,0x8BBEA9D1,EXCLUSIVE,1,1,T-00000000_G-96a006b0_I-2bc9060f.ui,,yes,2x-in-place,,
0x856DDBAC,0x46A006B0,0x8BC38238,UNSCALED,1,1,,T-00000000_G-96a006b0_I-2bb16d50.ui,yes,untouched,,
0x856DDBAC,0x46A006B0,0x8BC5F104,EXCLUSIVE,1,1,T-00000000_G-96a006b0_I-cbc3c2b9.ui,,yes,2x-in-place,,
0x856DDBAC,0x46A006B0,0x8BCBAEFF,EXCLUSIVE,4,1,T-00000000_G-96a006b0_I-4bcbb842.ui,,yes,2x-in-place,,
0x856DDBAC,0x46A006B0,0x8BD8D782,EXCLUSIVE,4,1,T-00000000_G-96a006b0_I-4bcbb842.ui,,yes,2x-in-place,,
0x856DDBAC,0x46A006B0,0x8BD8D783,EXCLUSIVE,20,10,T-00000000_G-96a006b0_I-0c0734e6.ui;T-00000000_G-96a006b0_I-2bf1d8ce.ui;T-00000000_G-96a006b0_I-4c3bd022.ui;T-00000000_G-96a006b0_I-abcb937d.ui;T-00000000_G-96a006b0_I-abe8d4f1.ui;T-00000000_G-96a006b0_I-abe8d4f4.ui;T-00000000_G-96a006b0_I-cbf1db54.ui;T-00000000_G-96a006b0_I-cbf1db55.ui;T-00000000_G-96a006b0_I-cbf1db56.ui;T-00000000_G-96a006b0_I-cc1bdf3e.ui,,yes,2x-in-place,,
0x856DDBAC,0x46A006B0,0xAB7052BD,EXCLUSIVE,1,1,T-00000000_G-96a006b0_I-cb95403e.ui,,yes,2x-in-place,,
0x856DDBAC,0x46A006B0,0xAB8C65C8,EXCLUSIVE,1,1,T-00000000_G-96a006b0_I-abb0120f.ui,,yes,2x-in-place,,
0x856DDBAC,0x46A006B0,0xAB8C65D4,EXCLUSIVE,1,1,T-00000000_G-96a006b0_I-abb0120f.ui,,yes,2x-in-place,,
0x856DDBAC,0x46A006B0,0xAB9E7552,EXCLUSIVE,1,1,T-00000000_G-96a006b0_I-899302fc.ui,,yes,2x-in-place,,
0x856DDBAC,0x46A006B0,0xABB172FA,EXCLUSIVE,4,2,T-00000000_G-08000600_I-aa1f1f57.ui;T-00000000_G-96a006b0_I-aa1f1f57.ui,,yes,2x-in-place,,
0x856DDBAC,0x46A006B0,0xABB172FB,EXCLUSIVE,2,2,T-00000000_G-08000600_I-aa1f1f57.ui;T-00000000_G-96a006b0_I-aa1f1f57.ui,,yes,2x-in-place,,
0x856DDBAC,0x46A006B0,0xABBEAD86,EXCLUSIVE,1,1,T-00000000_G-96a006b0_I-6bc9065a.ui,,yes,2x-in-place,,
0x856DDBAC,0x46A006B0,0xABC3E0E5,EXCLUSIVE,1,1,T-00000000_G-96a006b0_I-6bc61f19.ui,,yes,2x-in-place,,
0x856DDBAC,0x46A006B0,0xABC3E0E6,EXCLUSIVE,1,1,T-00000000_G-96a006b0_I-6bc61f19.ui,,yes,2x-in-place,,
0x856DDBAC,0x46A006B0,0xABC3E0E7,EXCLUSIVE,1,1,T-00000000_G-96a006b0_I-6bc61f19.ui,,yes,2x-in-place,,
0x856DDBAC,0x46A006B0,0xABC3E0E8,EXCLUSIVE,1,1,T-00000000_G-96a006b0_I-6bc61f19.ui,,yes,2x-in-place,,
0x856DDBAC,0x46A006B0,0xABE99A56,EXCLUSIVE,20,10,T-00000000_G-96a006b0_I-0c05bcf0.ui;T-00000000_G-96a006b0_I-2bf1d6c0.ui;T-00000000_G-96a006b0_I-6c44f858.ui;T-00000000_G-96a006b0_I-8bf1d5b5.ui;T-00000000_G-96a006b0_I-abe8d4f2.ui;T-00000000_G-96a006b0_I-abe8d4f3.ui;T-00000000_G-96a006b0_I-abe8d4f5.ui;T-00000000_G-96a006b0_I-abe8d4f6.ui;T-00000000_G-96a006b0_I-ebe990dc.ui;T-00000000_G-96a006b0_I-ec05bccf.ui,,yes,2x-in-place,,
0x856DDBAC,0x46A006B0,0xABF474AB,EXCLUSIVE,1,1,T-00000000_G-96a006b0_I-abb0120f.ui,,yes,2x-in-place,,
0x856DDBAC,0x46A006B0,0xABF474B1,EXCLUSIVE,1,1,T-00000000_G-96a006b0_I-abb0120f.ui,,yes,2x-in-place,,
0x856DDBAC,0x46A006B0,0xAC0DA300,EXCLUSIVE,1,1,T-00000000_G-96a006b0_I-8c0eadce.ui,,yes,2x-in-place,,
0x856DDBAC,0x46A006B0,0xAC0DA30A,EXCLUSIVE,1,1,T-00000000_G-96a006b0_I-8c0eaa1b.ui,,yes,2x-in-place,,
0x856DDBAC,0x46A006B0,0xAC101989,EXCLUSIVE,18,18,T-00000000_G-96a006b0_I-0bec56c1.ui;T-00000000_G-96a006b0_I-0bec56c2.ui;T-00000000_G-96a006b0_I-0c05bcf0.ui;T-00000000_G-96a006b0_I-0c0734e6.ui;T-00000000_G-96a006b0_I-2bf1d6c0.ui;T-00000000_G-96a006b0_I-2bf1d8ce.ui;T-00000000_G-96a006b0_I-4c3bd022.ui;T-00000000_G-96a006b0_I-6c44f858.ui;T-00000000_G-96a006b0_I-8bf1d5b5.ui;T-00000000_G-96a006b0_I-abcb937d.ui;T-00000000_G-96a006b0_I-abe8d4f1.ui;T-00000000_G-96a006b0_I-abe8d4f2.ui;T-00000000_G-96a006b0_I-abe8d4f3.ui;T-00000000_G-96a006b0_I-abe8d4f4.ui;T-00000000_G-96a006b0_I-abe8d4f5.ui;T-00000000_G-96a006b0_I-abe8d4f6.ui;T-00000000_G-96a006b0_I-ebe990dc.ui;T-00000000_G-96a006b0_I-ec05bccf.ui,,yes,2x-in-place,,
0x856DDBAC,0x46A006B0,0xAC155D00,EXCLUSIVE,1,1,T-00000000_G-96a006b0_I-cc156762.ui,,yes,2x-in-place,,
0x856DDBAC,0x46A006B0,0xAC155D01,EXCLUSIVE,1,1,T-00000000_G-96a006b0_I-ac156804.ui,,yes,2x-in-place,,
0x856DDBAC,0x46A006B0,0xAC155D02,EXCLUSIVE,2,2,T-00000000_G-96a006b0_I-cc156828.ui;T-00000000_G-96a006b0_I-ec156cfc.ui,,yes,2x-in-place,,
0x856DDBAC,0x46A006B0,0xAC155D03,EXCLUSIVE,2,2,T-00000000_G-96a006b0_I-0c156cdd.ui;T-00000000_G-96a006b0_I-4c156847.ui,,yes,2x-in-place,,
0x856DDBAC,0x46A006B0,0xAC155D04,EXCLUSIVE,1,1,T-00000000_G-96a006b0_I-ec156864.ui,,yes,2x-in-place,,
0x856DDBAC,0x46A006B0,0xAC155D05,EXCLUSIVE,1,1,T-00000000_G-96a006b0_I-0c15687f.ui,,yes,2x-in-place,,
0x856DDBAC,0x46A006B0,0xC2D6E93A,UNSCALED,1,1,,T-00000000_G-96a006b0_I-e9263d4d.ui,yes,untouched,,
0x856DDBAC,0x46A006B0,0xCBB16E5C,EXCLUSIVE,1,1,T-00000000_G-96a006b0_I-6bb27447.ui,,yes,2x-in-place,,
0x856DDBAC,0x46A006B0,0xCBB16E5D,EXCLUSIVE,1,1,T-00000000_G-96a006b0_I-6bb27447.ui,,yes,2x-in-place,,
0x856DDBAC,0x46A006B0,0xCBB16E5E,EXCLUSIVE,1,1,T-00000000_G-96a006b0_I-6bb27447.ui,,yes,2x-in-place,,
0x856DDBAC,0x46A006B0,0xCBBAB0AE,UNSCALED,4,2,,T-00000000_G-96a006b0_I-4bf325e8.ui;T-00000000_G-96a006b0_I-abfaef15.ui,yes,untouched,,
0x856DDBAC,0x46A006B0,0xCBBEAB61,EXCLUSIVE,1,1,T-00000000_G-96a006b0_I-2bc9060f.ui,,yes,2x-in-place,,
0x856DDBAC,0x46A006B0,0xCBC26C9A,EXCLUSIVE,2,2,T-00000000_G-08000600_I-aa1f1f57.ui;T-00000000_G-96a006b0_I-aa1f1f57.ui,,yes,2x-in-place,,
0x856DDBAC,0x46A006B0,0xCBC26C9B,EXCLUSIVE,2,2,T-00000000_G-08000600_I-aa1f1f57.ui;T-00000000_G-96a006b0_I-aa1f1f57.ui,,yes,2x-in-place,,
0x856DDBAC,0x46A006B0,0xCBC3C2B8,EXCLUSIVE,1,1,T-00000000_G-96a006b0_I-6bc61f19.ui,,yes,2x-in-place,,
0x856DDBAC,0x46A006B0,0xCBC3C2B9,EXCLUSIVE,2,1,T-00000000_G-96a006b0_I-6bc61f19.ui,,yes,2x-in-place,,
0x856DDBAC,0x46A006B0,0xCBC5F115,EXCLUSIVE,1,1,T-00000000_G-96a006b0_I-cbc3c2b9.ui,,yes,2x-in-place,,
0x856DDBAC,0x46A006B0,0xCBCB6E9B,EXCLUSIVE,20,10,T-00000000_G-96a006b0_I-0c0734e6.ui;T-00000000_G-96a006b0_I-2bf1d8ce.ui;T-00000000_G-96a006b0_I-4c3bd022.ui;T-00000000_G-96a006b0_I-abcb937d.ui;T-00000000_G-96a006b0_I-abe8d4f1.ui;T-00000000_G-96a006b0_I-abe8d4f4.ui;T-00000000_G-96a006b0_I-cbf1db54.ui;T-00000000_G-96a006b0_I-cbf1db55.ui;T-00000000_G-96a006b0_I-cbf1db56.ui;T-00000000_G-96a006b0_I-cc1bdf3e.ui,,yes,2x-in-place,,
0x856DDBAC,0x46A006B0,0xCBCB6E9C,EXCLUSIVE,16,16,T-00000000_G-96a006b0_I-0c05bcf0.ui;T-00000000_G-96a006b0_I-0c0734e6.ui;T-00000000_G-96a006b0_I-2bf1d6c0.ui;T-00000000_G-96a006b0_I-2bf1d8ce.ui;T-00000000_G-96a006b0_I-4c3bd022.ui;T-00000000_G-96a006b0_I-6c44f858.ui;T-00000000_G-96a006b0_I-8bf1d5b5.ui;T-00000000_G-96a006b0_I-abcb937d.ui;T-00000000_G-96a006b0_I-abe8d4f1.ui;T-00000000_G-96a006b0_I-abe8d4f2.ui;T-00000000_G-96a006b0_I-abe8d4f3.ui;T-00000000_G-96a006b0_I-abe8d4f4.ui;T-00000000_G-96a006b0_I-abe8d4f5.ui;T-00000000_G-96a006b0_I-abe8d4f6.ui;T-00000000_G-96a006b0_I-ebe990dc.ui;T-00000000_G-96a006b0_I-ec05bccf.ui,,yes,2x-in-place,,
0x856DDBAC,0x46A006B0,0xCBCB6E9E,EXCLUSIVE,16,16,T-00000000_G-96a006b0_I-0c05bcf0.ui;T-00000000_G-96a006b0_I-0c0734e6.ui;T-00000000_G-96a006b0_I-2bf1d6c0.ui;T-00000000_G-96a006b0_I-2bf1d8ce.ui;T-00000000_G-96a006b0_I-4c3bd022.ui;T-00000000_G-96a006b0_I-6c44f858.ui;T-00000000_G-96a006b0_I-8bf1d5b5.ui;T-00000000_G-96a006b0_I-abcb937d.ui;T-00000000_G-96a006b0_I-abe8d4f1.ui;T-00000000_G-96a006b0_I-abe8d4f2.ui;T-00000000_G-96a006b0_I-abe8d4f3.ui;T-00000000_G-96a006b0_I-abe8d4f4.ui;T-00000000_G-96a006b0_I-abe8d4f5.ui;T-00000000_G-96a006b0_I-abe8d4f6.ui;T-00000000_G-96a006b0_I-ebe990dc.ui;T-00000000_G-96a006b0_I-ec05bccf.ui,,yes,2x-in-place,,
0x856DDBAC,0x46A006B0,0xCBCB9A73,EXCLUSIVE,43,43,T-00000000_G-96a006b0_I-0bec56c1.ui;T-00000000_G-96a006b0_I-0bec56c2.ui;T-00000000_G-96a006b0_I-0c05bcf0.ui;T-00000000_G-96a006b0_I-0c0734e6.ui;T-00000000_G-96a006b0_I-0c15687f.ui;T-00000000_G-96a006b0_I-0c156cdd.ui;T-00000000_G-96a006b0_I-2bf1d6c0.ui;T-00000000_G-96a006b0_I-2bf1d8ce.ui;T-00000000_G-96a006b0_I-2c0706f8.ui;T-00000000_G-96a006b0_I-4bcbb842.ui;T-00000000_G-96a006b0_I-4c05bd49.ui;T-00000000_G-96a006b0_I-4c156847.ui;T-00000000_G-96a006b0_I-4c3bd022.ui;T-00000000_G-96a006b0_I-6be9ff14.ui;T-00000000_G-96a006b0_I-6be9ff15.ui;T-00000000_G-96a006b0_I-6be9ff16.ui;T-00000000_G-96a006b0_I-6c07071f.ui;T-00000000_G-96a006b0_I-6c44f858.ui;T-00000000_G-96a006b0_I-8bf1d5b5.ui;T-00000000_G-96a006b0_I-8c0eaa1b.ui;T-00000000_G-96a006b0_I-8c0eadce.ui;T-00000000_G-96a006b0_I-abcb937d.ui;T-00000000_G-96a006b0_I-abe8d4f1.ui;T-00000000_G-96a006b0_I-abe8d4f2.ui;T-00000000_G-96a006b0_I-abe8d4f3.ui;T-00000000_G-96a006b0_I-abe8d4f4.ui;T-00000000_G-96a006b0_I-abe8d4f5.ui;T-00000000_G-96a006b0_I-abe8d4f6.ui;T-00000000_G-96a006b0_I-ac156804.ui;T-00000000_G-96a006b0_I-cbf1db54.ui;T-00000000_G-96a006b0_I-cbf1db55.ui;T-00000000_G-96a006b0_I-cbf1db56.ui;T-00000000_G-96a006b0_I-cc070735.ui;T-00000000_G-96a006b0_I-cc0c43f8.ui;T-00000000_G-96a006b0_I-cc156762.ui;T-00000000_G-96a006b0_I-cc156828.ui;T-00000000_G-96a006b0_I-cc1bdf3e.ui;T-00000000_G-96a006b0_I-ebe990dc.ui;T-00000000_G-96a006b0_I-ec05bccf.ui;T-00000000_G-96a006b0_I-ec07070b.ui;T-00000000_G-96a006b0_I-ec072a41.ui;T-00000000_G-96a006b0_I-ec156864.ui;T-00000000_G-96a006b0_I-ec156cfc.ui,,yes,2x-in-place,,
0x856DDBAC,0x46A006B0,0xCBCB9A74,EXCLUSIVE,43,43,T-00000000_G-96a006b0_I-0bec56c1.ui;T-00000000_G-96a006b0_I-0bec56c2.ui;T-00000000_G-96a006b0_I-0c05bcf0.ui;T-00000000_G-96a006b0_I-0c0734e6.ui;T-00000000_G-96a006b0_I-0c15687f.ui;T-00000000_G-96a006b0_I-0c156cdd.ui;T-00000000_G-96a006b0_I-2bf1d6c0.ui;T-00000000_G-96a006b0_I-2bf1d8ce.ui;T-00000000_G-96a006b0_I-2c0706f8.ui;T-00000000_G-96a006b0_I-4bcbb842.ui;T-00000000_G-96a006b0_I-4c05bd49.ui;T-00000000_G-96a006b0_I-4c156847.ui;T-00000000_G-96a006b0_I-4c3bd022.ui;T-00000000_G-96a006b0_I-6be9ff14.ui;T-00000000_G-96a006b0_I-6be9ff15.ui;T-00000000_G-96a006b0_I-6be9ff16.ui;T-00000000_G-96a006b0_I-6c07071f.ui;T-00000000_G-96a006b0_I-6c44f858.ui;T-00000000_G-96a006b0_I-8bf1d5b5.ui;T-00000000_G-96a006b0_I-8c0eaa1b.ui;T-00000000_G-96a006b0_I-8c0eadce.ui;T-00000000_G-96a006b0_I-abcb937d.ui;T-00000000_G-96a006b0_I-abe8d4f1.ui;T-00000000_G-96a006b0_I-abe8d4f2.ui;T-00000000_G-96a006b0_I-abe8d4f3.ui;T-00000000_G-96a006b0_I-abe8d4f4.ui;T-00000000_G-96a006b0_I-abe8d4f5.ui;T-00000000_G-96a006b0_I-abe8d4f6.ui;T-00000000_G-96a006b0_I-ac156804.ui;T-00000000_G-96a006b0_I-cbf1db54.ui;T-00000000_G-96a006b0_I-cbf1db55.ui;T-00000000_G-96a006b0_I-cbf1db56.ui;T-00000000_G-96a006b0_I-cc070735.ui;T-00000000_G-96a006b0_I-cc0c43f8.ui;T-00000000_G-96a006b0_I-cc156762.ui;T-00000000_G-96a006b0_I-cc156828.ui;T-00000000_G-96a006b0_I-cc1bdf3e.ui;T-00000000_G-96a006b0_I-ebe990dc.ui;T-00000000_G-96a006b0_I-ec05bccf.ui;T-00000000_G-96a006b0_I-ec07070b.ui;T-00000000_G-96a006b0_I-ec072a41.ui;T-00000000_G-96a006b0_I-ec156864.ui;T-00000000_G-96a006b0_I-ec156cfc.ui,,yes,2x-in-place,,
0x856DDBAC,0x46A006B0,0xCBEC3DB2,UNSCALED,2,2,,T-00000000_G-96a006b0_I-4bf325e8.ui;T-00000000_G-96a006b0_I-abfaef15.ui,yes,untouched,,
0x856DDBAC,0x46A006B0,0xCBFB3730,UNSCALED,1,1,,T-00000000_G-96a006b0_I-ca539340.ui,yes,untouched,,
0x856DDBAC,0x46A006B0,0xCBFB3731,UNSCALED,1,1,,T-00000000_G-96a006b0_I-ca539340.ui,yes,untouched,,
0x856DDBAC,0x46A006B0,0xCBFB3732,UNSCALED,1,1,,T-00000000_G-96a006b0_I-ca539340.ui,yes,untouched,,
0x856DDBAC,0x46A006B0,0xCC05A721,EXCLUSIVE,1,1,T-00000000_G-96a006b0_I-cbc3c2b9.ui,,yes,2x-in-place,,
0x856DDBAC,0x46A006B0,0xCC1980EB,UNSCALED,3,3,,T-00000000_G-96a006b0_I-0c1d56e4.ui;T-00000000_G-96a006b0_I-4c1d7c65.ui;T-00000000_G-96a006b0_I-ec1a73ba.ui,yes,untouched,,
0x856DDBAC,0x46A006B0,0xCC1980EC,UNSCALED,10,10,,T-00000000_G-96a006b0_I-0c1d730b.ui;T-00000000_G-96a006b0_I-0c1d7974.ui;T-00000000_G-96a006b0_I-0c1d81fc.ui;T-00000000_G-96a006b0_I-4c1d78f7.ui;T-00000000_G-96a006b0_I-4c1d7c65.ui;T-00000000_G-96a006b0_I-6c1d7f5c.ui;T-00000000_G-96a006b0_I-ac1d7a81.ui;T-00000000_G-96a006b0_I-ec1a73ba.ui;T-00000000_G-96a006b0_I-ec1d75e2.ui;T-00000000_G-96a006b0_I-ec1d77dd.ui,yes,untouched,,
0x856DDBAC,0x46A006B0,0xCC1A735D,UNSCALED,285,41,,T-00000000_G-96a006b0_I-0c1d56e4.ui;T-00000000_G-96a006b0_I-0c1d730b.ui;T-00000000_G-96a006b0_I-0c1d7737.ui;T-00000000_G-96a006b0_I-0c1d7974.ui;T-00000000_G-96a006b0_I-0c1d79ac.ui;T-00000000_G-96a006b0_I-0c1d7b60.ui;T-00000000_G-96a006b0_I-0c1d7e71.ui;T-00000000_G-96a006b0_I-0c1d81fc.ui;T-00000000_G-96a006b0_I-2c1d73cb.ui;T-00000000_G-96a006b0_I-2c1d784b.ui;T-00000000_G-96a006b0_I-2c1d8024.ui;T-00000000_G-96a006b0_I-4c1a68d2.ui;T-00000000_G-96a006b0_I-4c1d78f7.ui;T-00000000_G-96a006b0_I-4c1d7c0c.ui;T-00000000_G-96a006b0_I-4c1d7c65.ui;T-00000000_G-96a006b0_I-4c1d7d40.ui;T-00000000_G-96a006b0_I-6c1d789a.ui;T-00000000_G-96a006b0_I-6c1d7ac3.ui;T-00000000_G-96a006b0_I-6c1d7f5c.ui;T-00000000_G-96a006b0_I-6c1d8057.ui;T-00000000_G-96a006b0_I-8c1d7423.ui;T-00000000_G-96a006b0_I-8c1d76d5.ui;T-00000000_G-96a006b0_I-8c3bd047.ui;T-00000000_G-96a006b0_I-ac1d544d.ui;T-00000000_G-96a006b0_I-ac1d7548.ui;T-00000000_G-96a006b0_I-ac1d7a81.ui;T-00000000_G-96a006b0_I-cc1d71d3.ui;T-00000000_G-96a006b0_I-cc1d72a2.ui;T-00000000_G-96a006b0_I-cc1d778b.ui;T-00000000_G-96a006b0_I-cc1d7a1f.ui;T-00000000_G-96a006b0_I-cc1d824f.ui;T-00000000_G-96a006b0_I-cc44f885.ui;T-00000000_G-96a006b0_I-ec1a73ba.ui;T-00000000_G-96a006b0_I-ec1d74d5.ui;T-00000000_G-96a006b0_I-ec1d7599.ui;T-00000000_G-96a006b0_I-ec1d75e2.ui;T-00000000_G-96a006b0_I-ec1d77dd.ui;T-00000000_G-96a006b0_I-ec1d79d7.ui;T-00000000_G-96a006b0_I-ec1d7a56.ui;T-00000000_G-96a006b0_I-ec1d7efe.ui;T-00000000_G-96a006b0_I-ec1d8125.ui,yes,untouched,,
0x856DDBAC,0x46A006B0,0xCC39214D,EXCLUSIVE,2,2,T-00000000_G-96a006b0_I-0bec56c1.ui;T-00000000_G-96a006b0_I-4c05bd49.ui,,yes,2x-in-place,,
0x856DDBAC,0x46A006B0,0xCC39214E,EXCLUSIVE,3,3,T-00000000_G-96a006b0_I-0bec56c2.ui;T-00000000_G-96a006b0_I-8c0eadce.ui;T-00000000_G-96a006b0_I-cc070735.ui,,yes,2x-in-place,,
0x856DDBAC,0x46A006B0,0xE2B14588,EXCLUSIVE,1,1,T-00000000_G-08000600_I-2bc90671.ui,,yes,2x-in-place,,
0x856DDBAC,0x46A006B0,0xE2B66DB8,SHARED,65,28,T-00000000_G-08000600_I-2a2aed99.ui;T-00000000_G-96a006b0_I-2a2aed99.ui;T-00000000_G-96a006b0_I-aa3acdfe.ui;T-00000000_G-96a006b0_I-cbc3c2b9.ui,T-00000000_G-96a006b0_I-0a243d80.ui;T-00000000_G-96a006b0_I-0a5cf71d.ui;T-00000000_G-96a006b0_I-2a41436b.ui;T-00000000_G-96a006b0_I-2a41436c.ui;T-00000000_G-96a006b0_I-49aee843.ui;T-00000000_G-96a006b0_I-49bffbfe.ui;T-00000000_G-96a006b0_I-49d55c68.ui;T-00000000_G-96a006b0_I-4a8cc5ea.ui;T-00000000_G-96a006b0_I-4bf325e8.ui;T-00000000_G-96a006b0_I-697cef4c.ui;T-00000000_G-96a006b0_I-6987b3f7.ui;T-00000000_G-96a006b0_I-69c6c985.ui;T-00000000_G-96a006b0_I-891c9259.ui;T-00000000_G-96a006b0_I-89404462.ui;T-00000000_G-96a006b0_I-89aad2aa.ui;T-00000000_G-96a006b0_I-abfaef15.ui;T-00000000_G-96a006b0_I-cba2aedc.ui;T-00000000_G-96a006b0_I-cba9ef16.ui;T-00000000_G-96a006b0_I-e9263d01.ui;T-00000000_G-96a006b0_I-e9263d4c.ui;T-00000000_G-96a006b0_I-e9263d4d.ui;T-00000000_G-96a006b0_I-e9263d4e.ui;T-00000000_G-96a006b0_I-e9263d4f.ui;T-00000000_G-96a006b0_I-e9263de5.ui,yes,clone+retarget,0x46A006B0,0xB1F56DB9
0x856DDBAC,0x46A006B0,0xEA32F104,UNSCALED,62,3,,T-00000000_G-96a006b0_I-0a243d80.ui;T-00000000_G-96a006b0_I-4bf325e8.ui;T-00000000_G-96a006b0_I-abfaef15.ui,no,untouched,,
0x856DDBAC,0x46A006B0,0xEA7F0EAE,UNSCALED,1,1,,T-00000000_G-96a006b0_I-8aa9aa14.ui,no,untouched,,
0x856DDBAC,0x46A006B0,0xEA7F0EAF,UNSCALED,1,1,,T-00000000_G-96a006b0_I-aaaaf3d1.ui,yes,untouched,,
0x856DDBAC,0x46A006B0,0xEB68C1B2,EXCLUSIVE,2,2,T-00000000_G-08000600_I-09923283.ui;T-00000000_G-96a006b0_I-09923283.ui,,yes,2x-in-place,,
0x856DDBAC,0x46A006B0,0xEB68C1B3,EXCLUSIVE,1,1,T-00000000_G-96a006b0_I-cb95403e.ui,,yes,2x-in-place,,
0x856DDBAC,0x46A006B0,0xEB7C4BD6,EXCLUSIVE,1,1,T-00000000_G-96a006b0_I-cb95403e.ui,,yes,2x-in-place,,
0x856DDBAC,0x46A006B0,0xEB7C4D3B,EXCLUSIVE,1,1,T-00000000_G-96a006b0_I-cb95403e.ui,,yes,2x-in-place,,
0x856DDBAC,0x46A006B0,0xEB8C65DF,EXCLUSIVE,1,1,T-00000000_G-96a006b0_I-abb0120f.ui,,yes,2x-in-place,,
0x856DDBAC,0x46A006B0,0xEB8C6643,EXCLUSIVE,1,1,T-00000000_G-96a006b0_I-abb0120f.ui,,yes,2x-in-place,,
0x856DDBAC,0x46A006B0,0xEBB27830,EXCLUSIVE,1,1,T-00000000_G-96a006b0_I-6bb27447.ui,,yes,2x-in-place,,
0x856DDBAC,0x46A006B0,0xEBBEAAF5,EXCLUSIVE,1,1,T-00000000_G-96a006b0_I-cbc905cd.ui,,yes,2x-in-place,,
0x856DDBAC,0x46A006B0,0xEBBEABF9,EXCLUSIVE,1,1,T-00000000_G-96a006b0_I-2bc9060f.ui,,yes,2x-in-place,,
0x856DDBAC,0x46A006B0,0xEBBEACF6,EXCLUSIVE,1,1,T-00000000_G-96a006b0_I-cbc905cd.ui,,yes,2x-in-place,,
0x856DDBAC,0x46A006B0,0xEBBEADD7,EXCLUSIVE,1,1,T-00000000_G-96a006b0_I-cbc905cd.ui,,yes,2x-in-place,,
0x856DDBAC,0x46A006B0,0xEBBEAE28,EXCLUSIVE,2,1,T-00000000_G-96a006b0_I-6bc9065a.ui,,yes,2x-in-place,,
0x856DDBAC,0x46A006B0,0xEBE8C83F,EXCLUSIVE,2,2,T-00000000_G-96a006b0_I-0c0734e6.ui;T-00000000_G-96a006b0_I-abe8d4f2.ui,,yes,2x-in-place,,
0x856DDBAC,0x46A006B0,0xEBE9EE27,EXCLUSIVE,4,4,T-00000000_G-96a006b0_I-2c0706f8.ui;T-00000000_G-96a006b0_I-4bcbb842.ui;T-00000000_G-96a006b0_I-6be9ff16.ui;T-00000000_G-96a006b0_I-ec07070b.ui,,yes,2x-in-place,,
0x856DDBAC,0x46A006B0,0xEBE9EE28,EXCLUSIVE,2,2,T-00000000_G-96a006b0_I-6be9ff15.ui;T-00000000_G-96a006b0_I-6c07071f.ui,,yes,2x-in-place,,
0x856DDBAC,0x46A006B0,0xEBE9EE29,EXCLUSIVE,2,2,T-00000000_G-96a006b0_I-6be9ff14.ui;T-00000000_G-96a006b0_I-cc070735.ui,,yes,2x-in-place,,
0x856DDBAC,0x4C06F888,0x10102700,EXCLUSIVE,2,2,T-00000000_G-08000600_I-aa1f1f57.ui;T-00000000_G-96a006b0_I-aa1f1f57.ui,,yes,2x-in-place,,
0x856DDBAC,0x4C06F888,0x106B0000,EXCLUSIVE,2,2,T-00000000_G-08000600_I-aa1f1f57.ui;T-00000000_G-96a006b0_I-aa1f1f57.ui,,yes,2x-in-place,,
0x856DDBAC,0x82B9B75B,0xE2B66DB8,UNSCALED,2,1,,T-00000000_G-96a006b0_I-cb40cfdc.ui,no,untouched,,
