OriginalFile,TGI,RealFormat,FshInfo,SrcW,SrcH,OutW,OutH,Converted2x,Native2x,Action,Notes
T-856ddbac_G-46a006b0_I-14315e00.png,0x856DDBAC / 0x46A006B0 / 0x14315E00,FSH,dir=G352 n=1 entry='1431' code=0x7D,256,256,512,512,converted2x\T-0x856ddbac_G-0x46a006b0_I-0x14315e00.png,native2x\T-0x856ddbac_G-0x46a006b0_I-0x14315e00.fsh,2x native FSH code 0x7D (pixel-exact) + 2x PNG,
T-856ddbac_G-46a006b0_I-14315e10.png,0x856DDBAC / 0x46A006B0 / 0x14315E10,FSH,dir=G352 n=1 entry='1431' code=0x7D,256,256,512,512,converted2x\T-0x856ddbac_G-0x46a006b0_I-0x14315e10.png,native2x\T-0x856ddbac_G-0x46a006b0_I-0x14315e10.fsh,2x native FSH code 0x7D (pixel-exact) + 2x PNG,
T-856ddbac_G-46a006b0_I-14315e20.png,0x856DDBAC / 0x46A006B0 / 0x14315E20,FSH,dir=G352 n=1 entry='1431' code=0x7D,256,256,512,512,converted2x\T-0x856ddbac_G-0x46a006b0_I-0x14315e20.png,native2x\T-0x856ddbac_G-0x46a006b0_I-0x14315e20.fsh,2x native FSH code 0x7D (pixel-exact) + 2x PNG,
T-856ddbac_G-46a006b0_I-14315e30.png,0x856DDBAC / 0x46A006B0 / 0x14315E30,FSH,dir=G352 n=1 entry='1431' code=0x7D,256,256,512,512,converted2x\T-0x856ddbac_G-0x46a006b0_I-0x14315e30.png,native2x\T-0x856ddbac_G-0x46a006b0_I-0x14315e30.fsh,2x native FSH code 0x7D (pixel-exact) + 2x PNG,
T-856ddbac_G-46a006b0_I-14315e40.png,0x856DDBAC / 0x46A006B0 / 0x14315E40,FSH,dir=G264 n=1 entry='0000' code=0x7D,256,256,512,512,converted2x\T-0x856ddbac_G-0x46a006b0_I-0x14315e40.png,native2x\T-0x856ddbac_G-0x46a006b0_I-0x14315e40.fsh,2x native FSH code 0x7D (pixel-exact) + 2x PNG,
T-856ddbac_G-46a006b0_I-14315e50.png,0x856DDBAC / 0x46A006B0 / 0x14315E50,FSH,dir=G264 n=1 entry='0000' code=0x7D,256,256,512,512,converted2x\T-0x856ddbac_G-0x46a006b0_I-0x14315e50.png,native2x\T-0x856ddbac_G-0x46a006b0_I-0x14315e50.fsh,2x native FSH code 0x7D (pixel-exact) + 2x PNG,
T-856ddbac_G-46a006b0_I-14315e51.png,0x856DDBAC / 0x46A006B0 / 0x14315E51,FSH,dir=G264 n=1 entry='0000' code=0x7D,256,256,512,512,converted2x\T-0x856ddbac_G-0x46a006b0_I-0x14315e51.png,native2x\T-0x856ddbac_G-0x46a006b0_I-0x14315e51.fsh,2x native FSH code 0x7D (pixel-exact) + 2x PNG,
T-856ddbac_G-46a006b0_I-144161a0.png,0x856DDBAC / 0x46A006B0 / 0x144161A0,FSH,dir=G264 n=1 entry='0000' code=0x7D,64,64,128,128,converted2x\T-0x856ddbac_G-0x46a006b0_I-0x144161a0.png,native2x\T-0x856ddbac_G-0x46a006b0_I-0x144161a0.fsh,2x native FSH code 0x7D (pixel-exact) + 2x PNG,
T-856ddbac_G-46a006b0_I-144161a1.png,0x856DDBAC / 0x46A006B0 / 0x144161A1,FSH,dir=G264 n=1 entry='0000' code=0x7D,64,64,128,128,converted2x\T-0x856ddbac_G-0x46a006b0_I-0x144161a1.png,native2x\T-0x856ddbac_G-0x46a006b0_I-0x144161a1.fsh,2x native FSH code 0x7D (pixel-exact) + 2x PNG,
T-856ddbac_G-46a006b0_I-144161a2.png,0x856DDBAC / 0x46A006B0 / 0x144161A2,FSH,dir=G264 n=1 entry='0000' code=0x7D,64,64,128,128,converted2x\T-0x856ddbac_G-0x46a006b0_I-0x144161a2.png,native2x\T-0x856ddbac_G-0x46a006b0_I-0x144161a2.fsh,2x native FSH code 0x7D (pixel-exact) + 2x PNG,
T-856ddbac_G-46a006b0_I-144161a3.png,0x856DDBAC / 0x46A006B0 / 0x144161A3,FSH,dir=G352 n=1 entry='1441' code=0x7D,64,64,128,128,converted2x\T-0x856ddbac_G-0x46a006b0_I-0x144161a3.png,native2x\T-0x856ddbac_G-0x46a006b0_I-0x144161a3.fsh,2x native FSH code 0x7D (pixel-exact) + 2x PNG,
T-856ddbac_G-46a006b0_I-2bb12d1f.png,0x856DDBAC / 0x46A006B0 / 0x2BB12D1F,FSH,dir=G352 n=1 entry='2bb1' code=0x7D,64,64,128,128,converted2x\T-0x856ddbac_G-0x46a006b0_I-0x2bb12d1f.png,native2x\T-0x856ddbac_G-0x46a006b0_I-0x2bb12d1f.fsh,2x native FSH code 0x7D (pixel-exact) + 2x PNG,
T-856ddbac_G-46a006b0_I-4bb0ecf3.png,0x856DDBAC / 0x46A006B0 / 0x4BB0ECF3,FSH,dir=G352 n=1 entry='4bb0' code=0x7D,64,64,128,128,converted2x\T-0x856ddbac_G-0x46a006b0_I-0x4bb0ecf3.png,native2x\T-0x856ddbac_G-0x46a006b0_I-0x4bb0ecf3.fsh,2x native FSH code 0x7D (pixel-exact) + 2x PNG,
T-856ddbac_G-46a006b0_I-6be09921.png,0x856DDBAC / 0x46A006B0 / 0x6BE09921,FSH,dir=G352 n=1 entry='rail' code=0x7D,128,128,256,256,converted2x\T-0x856ddbac_G-0x46a006b0_I-0x6be09921.png,native2x\T-0x856ddbac_G-0x46a006b0_I-0x6be09921.fsh,2x native FSH code 0x7D (pixel-exact) + 2x PNG,
T-856ddbac_G-46a006b0_I-6be09922.png,0x856DDBAC / 0x46A006B0 / 0x6BE09922,FSH,dir=G352 n=1 entry='rail' code=0x7D,128,128,256,256,converted2x\T-0x856ddbac_G-0x46a006b0_I-0x6be09922.png,native2x\T-0x856ddbac_G-0x46a006b0_I-0x6be09922.fsh,2x native FSH code 0x7D (pixel-exact) + 2x PNG,
T-856ddbac_G-46a006b0_I-6be09923.png,0x856DDBAC / 0x46A006B0 / 0x6BE09923,FSH,dir=G352 n=1 entry='rail' code=0x7D,128,128,256,256,converted2x\T-0x856ddbac_G-0x46a006b0_I-0x6be09923.png,native2x\T-0x856ddbac_G-0x46a006b0_I-0x6be09923.fsh,2x native FSH code 0x7D (pixel-exact) + 2x PNG,
T-856ddbac_G-46a006b0_I-6be09924.png,0x856DDBAC / 0x46A006B0 / 0x6BE09924,FSH,dir=G352 n=1 entry='rail' code=0x7D,128,128,256,256,converted2x\T-0x856ddbac_G-0x46a006b0_I-0x6be09924.png,native2x\T-0x856ddbac_G-0x46a006b0_I-0x6be09924.fsh,2x native FSH code 0x7D (pixel-exact) + 2x PNG,
T-856ddbac_G-46a006b0_I-6be09925.png,0x856DDBAC / 0x46A006B0 / 0x6BE09925,FSH,dir=G352 n=1 entry='rail' code=0x7D,128,128,256,256,converted2x\T-0x856ddbac_G-0x46a006b0_I-0x6be09925.png,native2x\T-0x856ddbac_G-0x46a006b0_I-0x6be09925.fsh,2x native FSH code 0x7D (pixel-exact) + 2x PNG,
T-856ddbac_G-46a006b0_I-6be09926.png,0x856DDBAC / 0x46A006B0 / 0x6BE09926,FSH,dir=G352 n=1 entry='rail' code=0x7D,128,128,256,256,converted2x\T-0x856ddbac_G-0x46a006b0_I-0x6be09926.png,native2x\T-0x856ddbac_G-0x46a006b0_I-0x6be09926.fsh,2x native FSH code 0x7D (pixel-exact) + 2x PNG,
T-856ddbac_G-46a006b0_I-cb783d3a.png,0x856DDBAC / 0x46A006B0 / 0xCB783D3A,FSH,dir=G352 n=1 entry='cb78' code=0x7D,256,256,512,512,converted2x\T-0x856ddbac_G-0x46a006b0_I-0xcb783d3a.png,native2x\T-0x856ddbac_G-0x46a006b0_I-0xcb783d3a.fsh,2x native FSH code 0x7D (pixel-exact) + 2x PNG,
T-856ddbac_G-46a006b0_I-ea3ee100.png,0x856DDBAC / 0x46A006B0 / 0xEA3EE100,FSH,dir=G290 n=1 entry='ea3e' code=0x7D,256,256,512,512,converted2x\T-0x856ddbac_G-0x46a006b0_I-0xea3ee100.png,native2x\T-0x856ddbac_G-0x46a006b0_I-0xea3ee100.fsh,2x native FSH code 0x7D (pixel-exact) + 2x PNG,
T-856ddbac_G-46a006b0_I-ea3ee110.png,0x856DDBAC / 0x46A006B0 / 0xEA3EE110,FSH,dir=G290 n=1 entry='ea3e' code=0x7D,256,256,512,512,converted2x\T-0x856ddbac_G-0x46a006b0_I-0xea3ee110.png,native2x\T-0x856ddbac_G-0x46a006b0_I-0xea3ee110.fsh,2x native FSH code 0x7D (pixel-exact) + 2x PNG,
T-856ddbac_G-46a006b0_I-ea3ee120.png,0x856DDBAC / 0x46A006B0 / 0xEA3EE120,FSH,dir=G290 n=1 entry='ea3e' code=0x7D,256,256,512,512,converted2x\T-0x856ddbac_G-0x46a006b0_I-0xea3ee120.png,native2x\T-0x856ddbac_G-0x46a006b0_I-0xea3ee120.fsh,2x native FSH code 0x7D (pixel-exact) + 2x PNG,
T-856ddbac_G-46a006b0_I-ea3ee130.png,0x856DDBAC / 0x46A006B0 / 0xEA3EE130,FSH,dir=G290 n=1 entry='ea3e' code=0x7D,256,256,512,512,converted2x\T-0x856ddbac_G-0x46a006b0_I-0xea3ee130.png,native2x\T-0x856ddbac_G-0x46a006b0_I-0xea3ee130.fsh,2x native FSH code 0x7D (pixel-exact) + 2x PNG,
T-856ddbac_G-46a006b0_I-ea3ee140.png,0x856DDBAC / 0x46A006B0 / 0xEA3EE140,FSH,dir=G290 n=1 entry='ea3e' code=0x7D,256,256,512,512,converted2x\T-0x856ddbac_G-0x46a006b0_I-0xea3ee140.png,native2x\T-0x856ddbac_G-0x46a006b0_I-0xea3ee140.fsh,2x native FSH code 0x7D (pixel-exact) + 2x PNG,
T-856ddbac_G-46a006b0_I-ea3ee150.png,0x856DDBAC / 0x46A006B0 / 0xEA3EE150,FSH,dir=G290 n=1 entry='ea3e' code=0x7D,256,256,512,512,converted2x\T-0x856ddbac_G-0x46a006b0_I-0xea3ee150.png,native2x\T-0x856ddbac_G-0x46a006b0_I-0xea3ee150.fsh,2x native FSH code 0x7D (pixel-exact) + 2x PNG,
T-856ddbac_G-6a1eed2c_I-2a1f0276.png,0x856DDBAC / 0x6A1EED2C / 0x2A1F0276,BMP,,16,16,32,32,converted2x\T-0x856ddbac_G-0x6a1eed2c_I-0x2a1f0276.png,native2x\T-0x856ddbac_G-0x6a1eed2c_I-0x2a1f0276.bmp,2x native BMP 24bpp (pixel-exact) + 2x PNG,
T-856ddbac_G-6a1eed2c_I-6c3568c4.png,0x856DDBAC / 0x6A1EED2C / 0x6C3568C4,BMP,,16,16,32,32,converted2x\T-0x856ddbac_G-0x6a1eed2c_I-0x6c3568c4.png,native2x\T-0x856ddbac_G-0x6a1eed2c_I-0x6c3568c4.bmp,2x native BMP 24bpp (pixel-exact) + 2x PNG,
T-856ddbac_G-6a1eed2c_I-6c3568c5.png,0x856DDBAC / 0x6A1EED2C / 0x6C3568C5,BMP,,16,16,32,32,converted2x\T-0x856ddbac_G-0x6a1eed2c_I-0x6c3568c5.png,native2x\T-0x856ddbac_G-0x6a1eed2c_I-0x6c3568c5.bmp,2x native BMP 24bpp (pixel-exact) + 2x PNG,
T-856ddbac_G-6a1eed2c_I-6c3568c6.png,0x856DDBAC / 0x6A1EED2C / 0x6C3568C6,BMP,,16,16,32,32,converted2x\T-0x856ddbac_G-0x6a1eed2c_I-0x6c3568c6.png,native2x\T-0x856ddbac_G-0x6a1eed2c_I-0x6c3568c6.bmp,2x native BMP 24bpp (pixel-exact) + 2x PNG,
T-856ddbac_G-6a1eed2c_I-6c3568c7.png,0x856DDBAC / 0x6A1EED2C / 0x6C3568C7,BMP,,15,15,30,30,converted2x\T-0x856ddbac_G-0x6a1eed2c_I-0x6c3568c7.png,native2x\T-0x856ddbac_G-0x6a1eed2c_I-0x6c3568c7.bmp,2x native BMP 24bpp (pixel-exact) + 2x PNG,
T-856ddbac_G-6a1eed2c_I-6c3568c8.png,0x856DDBAC / 0x6A1EED2C / 0x6C3568C8,BMP,,16,16,32,32,converted2x\T-0x856ddbac_G-0x6a1eed2c_I-0x6c3568c8.png,native2x\T-0x856ddbac_G-0x6a1eed2c_I-0x6c3568c8.bmp,2x native BMP 24bpp (pixel-exact) + 2x PNG,
T-856ddbac_G-6a1eed2c_I-6c3568c9.png,0x856DDBAC / 0x6A1EED2C / 0x6C3568C9,BMP,,16,16,32,32,converted2x\T-0x856ddbac_G-0x6a1eed2c_I-0x6c3568c9.png,native2x\T-0x856ddbac_G-0x6a1eed2c_I-0x6c3568c9.bmp,2x native BMP 24bpp (pixel-exact) + 2x PNG,
T-856ddbac_G-ca133ecb_I-00000003.png,0x856DDBAC / 0xCA133ECB / 0x00000003,JPEG,,160,138,320,276,converted2x\T-0x856ddbac_G-0xca133ecb_I-0x00000003.png,native2x\T-0x856ddbac_G-0xca133ecb_I-0x00000003.jpg,2x native JPEG q95 + 2x PNG,JPEG re-encode is lossy by nature (GDI+ 4:2:0); PNG copy is exact
T-856ddbac_G-ca133ecb_I-0a5e3eb6.png,0x856DDBAC / 0xCA133ECB / 0x0A5E3EB6,JPEG,,125,195,250,390,converted2x\T-0x856ddbac_G-0xca133ecb_I-0x0a5e3eb6.png,native2x\T-0x856ddbac_G-0xca133ecb_I-0x0a5e3eb6.jpg,2x native JPEG q95 + 2x PNG,JPEG re-encode is lossy by nature (GDI+ 4:2:0); PNG copy is exact
T-856ddbac_G-ca133ecb_I-0a5e3ec8.png,0x856DDBAC / 0xCA133ECB / 0x0A5E3EC8,JPEG,,125,195,250,390,converted2x\T-0x856ddbac_G-0xca133ecb_I-0x0a5e3ec8.png,native2x\T-0x856ddbac_G-0xca133ecb_I-0x0a5e3ec8.jpg,2x native JPEG q95 + 2x PNG,JPEG re-encode is lossy by nature (GDI+ 4:2:0); PNG copy is exact
T-856ddbac_G-ca133ecb_I-0a5e3ed8.png,0x856DDBAC / 0xCA133ECB / 0x0A5E3ED8,JPEG,,125,195,250,390,converted2x\T-0x856ddbac_G-0xca133ecb_I-0x0a5e3ed8.png,native2x\T-0x856ddbac_G-0xca133ecb_I-0x0a5e3ed8.jpg,2x native JPEG q95 + 2x PNG,JPEG re-encode is lossy by nature (GDI+ 4:2:0); PNG copy is exact
T-856ddbac_G-ca133ecb_I-2a5e3ea4.png,0x856DDBAC / 0xCA133ECB / 0x2A5E3EA4,JPEG,,125,195,250,390,converted2x\T-0x856ddbac_G-0xca133ecb_I-0x2a5e3ea4.png,native2x\T-0x856ddbac_G-0xca133ecb_I-0x2a5e3ea4.jpg,2x native JPEG q95 + 2x PNG,JPEG re-encode is lossy by nature (GDI+ 4:2:0); PNG copy is exact
T-856ddbac_G-ca133ecb_I-2a5e3ebe.png,0x856DDBAC / 0xCA133ECB / 0x2A5E3EBE,JPEG,,125,195,250,390,converted2x\T-0x856ddbac_G-0xca133ecb_I-0x2a5e3ebe.png,native2x\T-0x856ddbac_G-0xca133ecb_I-0x2a5e3ebe.jpg,2x native JPEG q95 + 2x PNG,JPEG re-encode is lossy by nature (GDI+ 4:2:0); PNG copy is exact
T-856ddbac_G-ca133ecb_I-2a5e3ec2.png,0x856DDBAC / 0xCA133ECB / 0x2A5E3EC2,JPEG,,125,195,250,390,converted2x\T-0x856ddbac_G-0xca133ecb_I-0x2a5e3ec2.png,native2x\T-0x856ddbac_G-0xca133ecb_I-0x2a5e3ec2.jpg,2x native JPEG q95 + 2x PNG,JPEG re-encode is lossy by nature (GDI+ 4:2:0); PNG copy is exact
T-856ddbac_G-ca133ecb_I-2a5e3ee6.png,0x856DDBAC / 0xCA133ECB / 0x2A5E3EE6,JPEG,,125,195,250,390,converted2x\T-0x856ddbac_G-0xca133ecb_I-0x2a5e3ee6.png,native2x\T-0x856ddbac_G-0xca133ecb_I-0x2a5e3ee6.jpg,2x native JPEG q95 + 2x PNG,JPEG re-encode is lossy by nature (GDI+ 4:2:0); PNG copy is exact
T-856ddbac_G-ca133ecb_I-2a5e3f04.png,0x856DDBAC / 0xCA133ECB / 0x2A5E3F04,JPEG,,125,195,250,390,converted2x\T-0x856ddbac_G-0xca133ecb_I-0x2a5e3f04.png,native2x\T-0x856ddbac_G-0xca133ecb_I-0x2a5e3f04.jpg,2x native JPEG q95 + 2x PNG,JPEG re-encode is lossy by nature (GDI+ 4:2:0); PNG copy is exact
T-856ddbac_G-ca133ecb_I-2a5e4ec4.png,0x856DDBAC / 0xCA133ECB / 0x2A5E4EC4,JPEG,,125,195,250,390,converted2x\T-0x856ddbac_G-0xca133ecb_I-0x2a5e4ec4.png,native2x\T-0x856ddbac_G-0xca133ecb_I-0x2a5e4ec4.jpg,2x native JPEG q95 + 2x PNG,JPEG re-encode is lossy by nature (GDI+ 4:2:0); PNG copy is exact
T-856ddbac_G-ca133ecb_I-2a5e53eb.png,0x856DDBAC / 0xCA133ECB / 0x2A5E53EB,JPEG,,125,195,250,390,converted2x\T-0x856ddbac_G-0xca133ecb_I-0x2a5e53eb.png,native2x\T-0x856ddbac_G-0xca133ecb_I-0x2a5e53eb.jpg,2x native JPEG q95 + 2x PNG,JPEG re-encode is lossy by nature (GDI+ 4:2:0); PNG copy is exact
T-856ddbac_G-ca133ecb_I-4a5e4eae.png,0x856DDBAC / 0xCA133ECB / 0x4A5E4EAE,JPEG,,125,195,250,390,converted2x\T-0x856ddbac_G-0xca133ecb_I-0x4a5e4eae.png,native2x\T-0x856ddbac_G-0xca133ecb_I-0x4a5e4eae.jpg,2x native JPEG q95 + 2x PNG,JPEG re-encode is lossy by nature (GDI+ 4:2:0); PNG copy is exact
T-856ddbac_G-ca133ecb_I-4a5e4eb9.png,0x856DDBAC / 0xCA133ECB / 0x4A5E4EB9,JPEG,,125,195,250,390,converted2x\T-0x856ddbac_G-0xca133ecb_I-0x4a5e4eb9.png,native2x\T-0x856ddbac_G-0xca133ecb_I-0x4a5e4eb9.jpg,2x native JPEG q95 + 2x PNG,JPEG re-encode is lossy by nature (GDI+ 4:2:0); PNG copy is exact
T-856ddbac_G-ca133ecb_I-4a5e4ec9.png,0x856DDBAC / 0xCA133ECB / 0x4A5E4EC9,JPEG,,125,195,250,390,converted2x\T-0x856ddbac_G-0xca133ecb_I-0x4a5e4ec9.png,native2x\T-0x856ddbac_G-0xca133ecb_I-0x4a5e4ec9.jpg,2x native JPEG q95 + 2x PNG,JPEG re-encode is lossy by nature (GDI+ 4:2:0); PNG copy is exact
T-856ddbac_G-ca133ecb_I-4a5e53c7.png,0x856DDBAC / 0xCA133ECB / 0x4A5E53C7,JPEG,,125,195,250,390,converted2x\T-0x856ddbac_G-0xca133ecb_I-0x4a5e53c7.png,native2x\T-0x856ddbac_G-0xca133ecb_I-0x4a5e53c7.jpg,2x native JPEG q95 + 2x PNG,JPEG re-encode is lossy by nature (GDI+ 4:2:0); PNG copy is exact
T-856ddbac_G-ca133ecb_I-4a5e53ef.png,0x856DDBAC / 0xCA133ECB / 0x4A5E53EF,JPEG,,125,195,250,390,converted2x\T-0x856ddbac_G-0xca133ecb_I-0x4a5e53ef.png,native2x\T-0x856ddbac_G-0xca133ecb_I-0x4a5e53ef.jpg,2x native JPEG q95 + 2x PNG,JPEG re-encode is lossy by nature (GDI+ 4:2:0); PNG copy is exact
T-856ddbac_G-ca133ecb_I-4a5e53f6.png,0x856DDBAC / 0xCA133ECB / 0x4A5E53F6,JPEG,,125,195,250,390,converted2x\T-0x856ddbac_G-0xca133ecb_I-0x4a5e53f6.png,native2x\T-0x856ddbac_G-0xca133ecb_I-0x4a5e53f6.jpg,2x native JPEG q95 + 2x PNG,JPEG re-encode is lossy by nature (GDI+ 4:2:0); PNG copy is exact
T-856ddbac_G-ca133ecb_I-6a5e3ed2.png,0x856DDBAC / 0xCA133ECB / 0x6A5E3ED2,JPEG,,125,195,250,390,converted2x\T-0x856ddbac_G-0xca133ecb_I-0x6a5e3ed2.png,native2x\T-0x856ddbac_G-0xca133ecb_I-0x6a5e3ed2.jpg,2x native JPEG q95 + 2x PNG,JPEG re-encode is lossy by nature (GDI+ 4:2:0); PNG copy is exact
T-856ddbac_G-ca133ecb_I-6a5e3edc.png,0x856DDBAC / 0xCA133ECB / 0x6A5E3EDC,JPEG,,125,195,250,390,converted2x\T-0x856ddbac_G-0xca133ecb_I-0x6a5e3edc.png,native2x\T-0x856ddbac_G-0xca133ecb_I-0x6a5e3edc.jpg,2x native JPEG q95 + 2x PNG,JPEG re-encode is lossy by nature (GDI+ 4:2:0); PNG copy is exact
T-856ddbac_G-ca133ecb_I-6a5e3ef6.png,0x856DDBAC / 0xCA133ECB / 0x6A5E3EF6,JPEG,,125,195,250,390,converted2x\T-0x856ddbac_G-0xca133ecb_I-0x6a5e3ef6.png,native2x\T-0x856ddbac_G-0xca133ecb_I-0x6a5e3ef6.jpg,2x native JPEG q95 + 2x PNG,JPEG re-encode is lossy by nature (GDI+ 4:2:0); PNG copy is exact
T-856ddbac_G-ca133ecb_I-6a5e4eb4.png,0x856DDBAC / 0xCA133ECB / 0x6A5E4EB4,JPEG,,125,195,250,390,converted2x\T-0x856ddbac_G-0xca133ecb_I-0x6a5e4eb4.png,native2x\T-0x856ddbac_G-0xca133ecb_I-0x6a5e4eb4.jpg,2x native JPEG q95 + 2x PNG,JPEG re-encode is lossy by nature (GDI+ 4:2:0); PNG copy is exact
T-856ddbac_G-ca133ecb_I-6a5e53e0.png,0x856DDBAC / 0xCA133ECB / 0x6A5E53E0,JPEG,,125,195,250,390,converted2x\T-0x856ddbac_G-0xca133ecb_I-0x6a5e53e0.png,native2x\T-0x856ddbac_G-0xca133ecb_I-0x6a5e53e0.jpg,2x native JPEG q95 + 2x PNG,JPEG re-encode is lossy by nature (GDI+ 4:2:0); PNG copy is exact
T-856ddbac_G-ca133ecb_I-6a5e53fb.png,0x856DDBAC / 0xCA133ECB / 0x6A5E53FB,JPEG,,125,195,250,390,converted2x\T-0x856ddbac_G-0xca133ecb_I-0x6a5e53fb.png,native2x\T-0x856ddbac_G-0xca133ecb_I-0x6a5e53fb.jpg,2x native JPEG q95 + 2x PNG,JPEG re-encode is lossy by nature (GDI+ 4:2:0); PNG copy is exact
T-856ddbac_G-ca133ecb_I-8a5e4ea2.png,0x856DDBAC / 0xCA133ECB / 0x8A5E4EA2,JPEG,,125,195,250,390,converted2x\T-0x856ddbac_G-0xca133ecb_I-0x8a5e4ea2.png,native2x\T-0x856ddbac_G-0xca133ecb_I-0x8a5e4ea2.jpg,2x native JPEG q95 + 2x PNG,JPEG re-encode is lossy by nature (GDI+ 4:2:0); PNG copy is exact
T-856ddbac_G-ca133ecb_I-8a5e53dc.png,0x856DDBAC / 0xCA133ECB / 0x8A5E53DC,JPEG,,125,195,250,390,converted2x\T-0x856ddbac_G-0xca133ecb_I-0x8a5e53dc.png,native2x\T-0x856ddbac_G-0xca133ecb_I-0x8a5e53dc.jpg,2x native JPEG q95 + 2x PNG,JPEG re-encode is lossy by nature (GDI+ 4:2:0); PNG copy is exact
T-856ddbac_G-ca133ecb_I-aa5e3ee2.png,0x856DDBAC / 0xCA133ECB / 0xAA5E3EE2,JPEG,,125,195,250,390,converted2x\T-0x856ddbac_G-0xca133ecb_I-0xaa5e3ee2.png,native2x\T-0x856ddbac_G-0xca133ecb_I-0xaa5e3ee2.jpg,2x native JPEG q95 + 2x PNG,JPEG re-encode is lossy by nature (GDI+ 4:2:0); PNG copy is exact
T-856ddbac_G-ca133ecb_I-aa5e3f0b.png,0x856DDBAC / 0xCA133ECB / 0xAA5E3F0B,JPEG,,125,195,250,390,converted2x\T-0x856ddbac_G-0xca133ecb_I-0xaa5e3f0b.png,native2x\T-0x856ddbac_G-0xca133ecb_I-0xaa5e3f0b.jpg,2x native JPEG q95 + 2x PNG,JPEG re-encode is lossy by nature (GDI+ 4:2:0); PNG copy is exact
T-856ddbac_G-ca133ecb_I-aa5e522a.png,0x856DDBAC / 0xCA133ECB / 0xAA5E522A,JPEG,,125,195,250,390,converted2x\T-0x856ddbac_G-0xca133ecb_I-0xaa5e522a.png,native2x\T-0x856ddbac_G-0xca133ecb_I-0xaa5e522a.jpg,2x native JPEG q95 + 2x PNG,JPEG re-encode is lossy by nature (GDI+ 4:2:0); PNG copy is exact
T-856ddbac_G-ca133ecb_I-aa5e53ce.png,0x856DDBAC / 0xCA133ECB / 0xAA5E53CE,JPEG,,125,195,250,390,converted2x\T-0x856ddbac_G-0xca133ecb_I-0xaa5e53ce.png,native2x\T-0x856ddbac_G-0xca133ecb_I-0xaa5e53ce.jpg,2x native JPEG q95 + 2x PNG,JPEG re-encode is lossy by nature (GDI+ 4:2:0); PNG copy is exact
T-856ddbac_G-ca133ecb_I-aa5e53d5.png,0x856DDBAC / 0xCA133ECB / 0xAA5E53D5,JPEG,,125,195,250,390,converted2x\T-0x856ddbac_G-0xca133ecb_I-0xaa5e53d5.png,native2x\T-0x856ddbac_G-0xca133ecb_I-0xaa5e53d5.jpg,2x native JPEG q95 + 2x PNG,JPEG re-encode is lossy by nature (GDI+ 4:2:0); PNG copy is exact
T-856ddbac_G-ca133ecb_I-aa5e53d8.png,0x856DDBAC / 0xCA133ECB / 0xAA5E53D8,JPEG,,125,195,250,390,converted2x\T-0x856ddbac_G-0xca133ecb_I-0xaa5e53d8.png,native2x\T-0x856ddbac_G-0xca133ecb_I-0xaa5e53d8.jpg,2x native JPEG q95 + 2x PNG,JPEG re-encode is lossy by nature (GDI+ 4:2:0); PNG copy is exact
T-856ddbac_G-ca133ecb_I-aa5e53f3.png,0x856DDBAC / 0xCA133ECB / 0xAA5E53F3,JPEG,,125,195,250,390,converted2x\T-0x856ddbac_G-0xca133ecb_I-0xaa5e53f3.png,native2x\T-0x856ddbac_G-0xca133ecb_I-0xaa5e53f3.jpg,2x native JPEG q95 + 2x PNG,JPEG re-encode is lossy by nature (GDI+ 4:2:0); PNG copy is exact
T-856ddbac_G-ca133ecb_I-ca39efdd.png,0x856DDBAC / 0xCA133ECB / 0xCA39EFDD,JPEG,,125,195,250,390,converted2x\T-0x856ddbac_G-0xca133ecb_I-0xca39efdd.png,native2x\T-0x856ddbac_G-0xca133ecb_I-0xca39efdd.jpg,2x native JPEG q95 + 2x PNG,JPEG re-encode is lossy by nature (GDI+ 4:2:0); PNG copy is exact
T-856ddbac_G-ca133ecb_I-ca5e3ecd.png,0x856DDBAC / 0xCA133ECB / 0xCA5E3ECD,JPEG,,125,195,250,390,converted2x\T-0x856ddbac_G-0xca133ecb_I-0xca5e3ecd.png,native2x\T-0x856ddbac_G-0xca133ecb_I-0xca5e3ecd.jpg,2x native JPEG q95 + 2x PNG,JPEG re-encode is lossy by nature (GDI+ 4:2:0); PNG copy is exact
T-856ddbac_G-ca133ecb_I-ca5e3eeb.png,0x856DDBAC / 0xCA133ECB / 0xCA5E3EEB,JPEG,,125,195,250,390,converted2x\T-0x856ddbac_G-0xca133ecb_I-0xca5e3eeb.png,native2x\T-0x856ddbac_G-0xca133ecb_I-0xca5e3eeb.jpg,2x native JPEG q95 + 2x PNG,JPEG re-encode is lossy by nature (GDI+ 4:2:0); PNG copy is exact
T-856ddbac_G-ca133ecb_I-ca5e4ebf.png,0x856DDBAC / 0xCA133ECB / 0xCA5E4EBF,JPEG,,125,195,250,390,converted2x\T-0x856ddbac_G-0xca133ecb_I-0xca5e4ebf.png,native2x\T-0x856ddbac_G-0xca133ecb_I-0xca5e4ebf.jpg,2x native JPEG q95 + 2x PNG,JPEG re-encode is lossy by nature (GDI+ 4:2:0); PNG copy is exact
T-856ddbac_G-ca133ecb_I-ca5e53cb.png,0x856DDBAC / 0xCA133ECB / 0xCA5E53CB,JPEG,,125,195,250,390,converted2x\T-0x856ddbac_G-0xca133ecb_I-0xca5e53cb.png,native2x\T-0x856ddbac_G-0xca133ecb_I-0xca5e53cb.jpg,2x native JPEG q95 + 2x PNG,JPEG re-encode is lossy by nature (GDI+ 4:2:0); PNG copy is exact
T-856ddbac_G-ca133ecb_I-ea39e645.png,0x856DDBAC / 0xCA133ECB / 0xEA39E645,JPEG,,125,195,250,390,converted2x\T-0x856ddbac_G-0xca133ecb_I-0xea39e645.png,native2x\T-0x856ddbac_G-0xca133ecb_I-0xea39e645.jpg,2x native JPEG q95 + 2x PNG,JPEG re-encode is lossy by nature (GDI+ 4:2:0); PNG copy is exact
T-856ddbac_G-ca133ecb_I-ea5e4ea8.png,0x856DDBAC / 0xCA133ECB / 0xEA5E4EA8,JPEG,,125,195,250,390,converted2x\T-0x856ddbac_G-0xca133ecb_I-0xea5e4ea8.png,native2x\T-0x856ddbac_G-0xca133ecb_I-0xea5e4ea8.jpg,2x native JPEG q95 + 2x PNG,JPEG re-encode is lossy by nature (GDI+ 4:2:0); PNG copy is exact
T-856ddbac_G-ca133ecb_I-ea5e53d2.png,0x856DDBAC / 0xCA133ECB / 0xEA5E53D2,JPEG,,125,195,250,390,converted2x\T-0x856ddbac_G-0xca133ecb_I-0xea5e53d2.png,native2x\T-0x856ddbac_G-0xca133ecb_I-0xea5e53d2.jpg,2x native JPEG q95 + 2x PNG,JPEG re-encode is lossy by nature (GDI+ 4:2:0); PNG copy is exact
T-856ddbac_G-ca133ecb_I-ea5e53e7.png,0x856DDBAC / 0xCA133ECB / 0xEA5E53E7,JPEG,,125,195,250,390,converted2x\T-0x856ddbac_G-0xca133ecb_I-0xea5e53e7.png,native2x\T-0x856ddbac_G-0xca133ecb_I-0xea5e53e7.jpg,2x native JPEG q95 + 2x PNG,JPEG re-encode is lossy by nature (GDI+ 4:2:0); PNG copy is exact
